,Date,State,City,Summary,Altitude,code,codes,Orig,Name,TotalSeats,Country Name,Airport1Latitude,Airport1Longitude
0,2024-01-01,FLORIDA,MIAMI,"PRELIM INFO FROM FAA OPS: MIAMI, FL/UAS SIGHTING/0001E/MIAMI ATCT ADVISED, B39M, PANAMA CITY, PANAMA (MPTO) - MIA, REPORTED A UAS AT THE 3 O'CLOCK POSITION WHILE W BOUND AT 500 FEET 1 E MIA. NO EVASIVE ACTION TAKEN. MIAMI-DADE PD NOTIFIED.",500,0,MIA,MIA,Miami International,15930768.46,United States,25.79249954,-80.2861023
1,2024-01-14,FLORIDA,MIAMI,"PRELIM INFO FROM FAA OPS: MIAMI, FL/UAS SIGHTING/1015E/MIAMI ATCT ADVISED, GULFSTREAM G150, KINGSTON, JAMAICA (MKJP) - MIA, REPORTED A RED UAS ABOVE ACFT WHILE WNW BOUND AT 7,500 FEET 5 N MIA. NO EVASIVE ACTION TAKEN. MIAMI-DADE PD NOTIFIED.","7,500",SDL,MIA,MIA,Miami International,15930768.46,United States,25.79249954,-80.2861023
2,2024-02-11,FLORIDA,MIAMI,"PRELIM INFO FROM FAA OPS: MIAMI, FL/UAS SIGHTING/1251E/MIAMI APCH ADVISED, A319, BOGOTA, COLOMBIA (SKBO) - MIA, REPORTED A UAS FROM THE 9 O'CLOCK POSITION WHILE E BOUND AT 1,200 FEET 4 W MIA. NO EVASIVE ACTION TAKEN. MDPD NOTIFIED.","1,200",0,MIA,MIA,Miami International,15930768.46,United States,25.79249954,-80.2861023
3,2024-01-01,THE BAHAMAS,BAHAMAS,"PRELIM INFO FROM FAA OPS: BIMINI, BAHAMAS/UAS SIGHTING/0655E/MIAMI ARTCC ADVISED, CESSNA C208, FLL - GOVERNORS HARBOUR, BAHAMAS (MYEN), REPORTED A UAS AT SAME ALTITUDE WHILE E BOUND AT 9,000 FEET 7 E BIMINI VORTAC. NO EVASIVE ACTION REPORTED. NO LEO NOTIFIED.","9,000",0,FLL,FLL,Ft Lauderdale Intl,6461105.287,United States,26.07419968,-80.15170288
4,2024-01-12,FLORIDA,FORT LAUDERDALE,"PRELIM INFO FROM FAA OPS: FORT LAUDERDALE, FL/UAS SIGHTING/1802E/FORT LAUDERDALE ADVISED, A320, FLL - PIT, REPORTED A UAS FROM THE 2 O'CLOCK POSITION WHILE NW BOUND AT 2,000 FEET 3 W FLL. NO EVASIVE ACTION TAKEN. BSO NOTIFIED.","2,000",SJU,FLL,FLL,Ft Lauderdale Intl,6461105.287,United States,26.07419968,-80.15170288
5,2024-01-13,FLORIDA,FORT LAUDERDALE,"PRELIM INFO FROM FAA OPS: FORT LAUDERDALE, FL/UAS SIGHTING/1110E/FORT LAUDERDALE ATCT ADVISED, B752, EWR - FLL, REPORTED A WHITE AND ORANGE UAS WHILE W BOUND AT 2,000 FEET 6 E FLL. NO EVASIVE ACTION TAKEN. LOCAL LEO NOTIFIED.","2,000",BHM,FLL,FLL,Ft Lauderdale Intl,6461105.287,United States,26.07419968,-80.15170288
6,2024-01-23,FLORIDA,FORT LAUDERDALE,"PRELIM INFO FROM FAA OPS: FORT LAUDERDALE, FL/UAS SIGHTING/1554E/FORT LAUDERDALE ATCT ADVISED, A321, LGA - FLL, REPORTED A BLACK UAS AT 1,800 FEET WHILE ON FINAL APPROACH FOR RUNWAY 10L FLL. NO EVASIVE ACTION TAKEN. BROWARD COUNTY SHERIFF NOTIFIED.","1,800",0,FLL,FLL,Ft Lauderdale Intl,6461105.287,United States,26.07419968,-80.15170288
7,2024-01-23,FLORIDA,FORT LAUDERDALE,"PRELIM INFO FROM FAA OPS: FORT LAUDERDALE, FL/UAS SIGHTING/1602E/FORT LAUDERDALE ATCT ADVISED, B38M, TORONTO, CANADA (CYYZ) - FLL, REPORTED A RED AND WHITE UAS AT 2,100 FEET WHILE ON FINAL APCH FOR RUNWAY 10L FLL. NO EVASIVE ACTION TAKEN. BROWARD COUNTY SHERIFF NOTIFIED.","2,100",0,FLL,FLL,Ft Lauderdale Intl,6461105.287,United States,26.07419968,-80.15170288
8,2024-02-15,FLORIDA,MIAMI,"PRELIM INFO FROM FAA OPS: BIMINI, BAHAMAS/UAS SIGHTING/1610E/MIAMI ARTCC ADVISED, A320, MDSD - FLL, REPORTED LARGE RED UAS 500 FEET BELOW ACFT WHILE NNW BOUND AT 12,000 VCNTY BIMINI VOR. NO EVASIVE ACTION TAKEN. LEO INFORMATION NOT REPORTED.",500,0,FLL,FLL,Ft Lauderdale Intl,6461105.287,United States,26.07419968,-80.15170288
9,2024-03-15,FLORIDA,FORT LAUDERDALE,"PRELIM INFO FROM FAA OPS: FORT LAUDERDALE, FL/UAS SIGHTING/1551E/FORT LAUDERDALE ATCT ADVISED, A320, BOGOTÃ_x0081_, COLOMBIA (SKBO) - FLL, REPORTED GREY UAS FROM THE 12 O'CLOCK POSITION WHILE W BOUND AT 3,000 FEET 8 W FLL. NO EVASIVE ACTION TAKEN. BROWARD COUNTY SHERIFF NOTIFIED.","3,000",0,FLL,FLL,Ft Lauderdale Intl,6461105.287,United States,26.07419968,-80.15170288
10,2024-01-01,FLORIDA,MIAMI,"PRELIM INFO FROM FAA OPS: MIAMI, FL/UAS SIGHTING/1010E/MIA ADVISED, E55P, MIA - HPN, REPORTED A BLACK UAS FROM THE 3 O'CLOCK WHILE 4 W MIA AT 3,500 FEET. NO EVASIVE ACTION TAKEN. MIAMI DADE AVIATION PD NOTIFIED.","3,500",0,HPN,HPN,Westchester County,632.618,United States,41.06890106,-73.70780182
11,2024-03-24,NORTH CAROLINA,RALEIGH/DURHAM,"PRELIM INFO FROM FAA OPS: RALEIGH/DURHAM, NC/UAS SIGHTING/1810E/RALEIGH-DURHAM ATCT ADVISED, CESSNA C68A, HPN - RDU, REPORTED A UAS FROM THE 2 Oâ€™CLOCK POSITION WHILE NE BOUND AT 1,500 FEET 7 SW RDU. NO EVASIVE ACTION TAKEN. WAKE COUNTY SHERIFF NOTIFIED.","1,500",0,HPN,HPN,Westchester County,632.618,United States,41.06890106,-73.70780182
12,2024-01-01,COLORADO,DENVER,"PRELIM INFO FROM FAA OPS: DENVER, CO/UAS SIGHTING/0945M/DEN ATCT ADVISED, A21N, MEXICO CITY, MX- DEN, REPORTED UNAUTHORIZED UAS FROM 12 O'CLOCK POSITION WHILE N BOUND AT 6,000 FEET. NO EVASIVE ACTION TAKEN. LOCAL LEOS NOT NOTIFIED.","6,000",0,DEN,DEN,Denver International,2574750.927,United States,39.85829926,-104.6669006
13,2024-03-27,COLORADO,DENVER,"PRELIM INFO FROM FAA OPS: DENVER, CO/UAS SIGHTING/2118M/DENVER ATCT ADVISED, B738, DAL - DEN, REPORTED A UAS FROM THE 11 Oâ€™CLOCK POSITION WHILE N BOUND AT 1,000 FEET 3 S DEN. NO EVASIVE ACTION TAKEN. DIA PD NOTIFIED.","1,000",0,DEN,DEN,Denver International,2574750.927,United States,39.85829926,-104.6669006
14,2024-01-01,NORTH CAROLINA,RALEIGH/DURHAM,"PRELIM INFO FROM FAA OPS: RALEIGH/DURHAM, NC/UAS SIGHTING/1405E/RDU ADVISED, P28A, REPORTED WHITE QUADCOPTER  9 N RDU AT 3,000 FEET. NO EVASIVE ACTION TAKEN. LOCAL PD NOTIFIED.","3,000",0,RDU,RDU,Raleigh-Durham International,425097.631,United States,35.87530136,-78.7818985
15,2024-01-01,NORTH CAROLINA,RALEIGH/DURHAM,"PRELIM INFO FROM FAA OPS: RALEIGH/DURHAM, NC/UAS SIGHTING/1405E/RDU ADVISED, P28A, REPORTED WHITE QUADCOPTER  9 N RDU AT 3,000 FEET. NO EVASIVE ACTION TAKEN. LOCAL PD NOTIFIED.","3,000",0,RDU,RDU,Raleigh-Durham International,425097.631,United States,35.87530136,-78.7818985
16,2024-02-24,NORTH CAROLINA,RALEIGH/DURHAM,"PRELIM INFO FROM FAA OPS: RALEIGH-DURHAM, NC/UAS SIGHTING/1029E/RALEIGH ATCT ADVISED, PIPER P28A, RDU - RDU, REPORTED A UAS FROM THE 3 Oâ€™CLOCK POSITION WHILE E BOUND AT 3,000 FEET 11 SSW RDU. NO EVASIVE ACTION TAKEN. WAKE COUNTY SHERIFF NOTIFIED.","3,000",0,RDU,RDU,Raleigh-Durham International,425097.631,United States,35.87530136,-78.7818985
17,2024-02-28,CALIFORNIA,SAN FRANCISCO,"PRELIM INFO FROM FAA OPS: SAN FRANCISCO, CA/UAS SIGHTING/0948P/NORTHERN CALIFORNIA TRACON ADVISED, B738, RDU - SFO, REPORTED A WHITE UAS FROM THE 1 O'CLOCK POSITION WHILE N BOUND AT 5,000 FEET 16 ESE SFO. NO EVASIVE ACTION TAKEN. LEO NOTIFICATION NOT REPORTED.","5,000",0,RDU,RDU,Raleigh-Durham International,425097.631,United States,35.87530136,-78.7818985
18,2024-03-12,NORTH CAROLINA,RALEIGH/DURHAM,"PRELIM INFO FROM FAA OPS: RALEIGH-DURHAM, NC/UAS SIGHTING/1656E/RALEIGH-DURHAM ATCT ADVISED, PIPER P28A, REPORTED A UAS 50 FEET ABOVE ACFT WHILE NW BOUND AT 3,200 FEET 7 NW RDU. NO EVASIVE ACTION TAKEN. DURHAM COUNTY SHERIFF NOTIFIED.",50,0,RDU,RDU,Raleigh-Durham International,425097.631,United States,35.87530136,-78.7818985
19,2024-01-01,GEORGIA,ATLANTA,"PRELIM INFO FROM FAA OPS: ATLANTA, GA/UAS SIGHTING/1444E/ATLANTA TRACON ADVISED, CRJ9, SBN - ATL, REPORTED A LARGE DARK UAS FROM UNKN CLOCK POSITION AT 8,000 FEET 8 NE ATL. NO EVASIVE ACTION TAKEN. LOCAL LEO NOTIFIED.","8,000",0,SBN,SBN,South Bend International,4116.35,United States,41.70470047,-86.3167038
20,2024-02-24,MICHIGAN,NILES,"PRELIM INFO FROM FAA OPS: NILES, MI/UAS SIGHTING/1924E/SOUTH BEND ATCT ADVISED, CRJ2, ORD - SBN, REPORTED A YELLOW UAS WHILE W BOUND AT 2,400 FEET 6 SE GIPPER VORTAC (GIJ). NO EVASIVE ACTION TAKEN. LEO NOTIFICATION NOT REPORTED.","2,400",0,SBN,SBN,South Bend International,4116.35,United States,41.70470047,-86.3167038
21,2024-01-01,FLORIDA,MIAMI,"PRELIM INFO FROM FAA OPS: MIAMI, FL/UAS SIGHTING/1714E/MIAMI ARTCC ADVISED, A319, IAH - MIA, REPORTED A GREY UAS AT THE 9 O'CLOCK POSITION WHILE E BOUND AT 800 FEET 1 SW MIAMI. NO EVASIVE ACTION REPORTED. EL PORTAL VILLAGE PD NOTIFIED.",800,0,IAH,IAH,George Bush Intercontinental,9391946.487,United States,29.98329926,-95.33999634
22,2024-02-14,TEXAS,HOUSTON,"PRELIM INFO FROM FAA OPS: HOUSTON, TX/UAS SIGHTING/1640C/HOUSTON TRACON ADVISED, B739, IAH - EWR, REPORTED A UAS WHILE NE BOUND AT 11,000 FEET 20 NE IAH. NO EVASIVE ACTION TAKEN. HOUSTON PD NOTIFIED.","11,000",0,IAH,IAH,George Bush Intercontinental,9391946.487,United States,29.98329926,-95.33999634
23,2024-02-20,TEXAS,HOUSTON,"PRELIM INFO FROM FAA OPS: HOUSTON, TX/UAS SIGHTING/1415C/HOUSTON INTCL ATCT ADVISED, E145, AGUASCALIENTES, MEXICO (MMAS) - IAH, REPORTED A UAS FROM THE 3 O'CLOCK POSITION WHILE W BOUND AT 2,300 FEET 10 E IAH. NO EVASIVE ACTION TAKEN. HOUSTON PD NOTIFIED.","2,300",0,IAH,IAH,George Bush Intercontinental,9391946.487,United States,29.98329926,-95.33999634
24,2024-02-20,TEXAS,HOUSTON,"PRELIM INFO FROM FAA OPS: HOUSTON, TX/UAS SIGHTING/1435C/HOUSTON INTCL ATCT ADVISED, B737, QUERETARO, MEXICO (MMQT) - IAH, REPORTED A UAS FROM THE 12 O'CLOCK POSITION WHILE W BOUND AT 2,000 FEET 10 E IAH. NO EVASIVE ACTION TAKEN. NO LEO NOTIFICATION REPORTED.","2,000",0,IAH,IAH,George Bush Intercontinental,9391946.487,United States,29.98329926,-95.33999634
25,2024-02-25,TEXAS,HOUSTON,"PRELIM INFO FROM FAA OPS: HOUSTON, TX/UAS SIGHTING/1657C/HOUSTON INTCL ATCT ADVISED, CESSNA T210, CEW - IWS, REPORTED A UAS 1,000 FEET BELOW ACFT WHILE W BOUND AT 2,000 FEET 10 S IAH. NO EVASIVE ACTION TAKEN. FBI NOTIFIED.","1,000",0,IAH,IAH,George Bush Intercontinental,9391946.487,United States,29.98329926,-95.33999634
26,2024-02-28,TEXAS,HOUSTON,"PRELIM INFO FROM FAA OPS: HOUSTON, TX/UAS SIGHTING/1705C/HOUSTON TRACON ADVISED, B38M, ALBERTA, CANADA (CYYC) - IAH, REPORTED BLACK UAS, 50 FEET ABOVE ACFT FROM THE LEFT SIDE WHILE W BOUND AT 3,000 FEET 15 W IAH. NO EVASIVE ACTION TAKEN. FBI NOTIFIED.",50,0,IAH,IAH,George Bush Intercontinental,9391946.487,United States,29.98329926,-95.33999634
27,2024-03-17,TEXAS,HOUSTON,"PRELIM INFO FROM FAA OPS: HOUSTON, TX/UAS SIGHTING/1052C/HOUSTON INTERCONTINENTAL ADVISED, B739, IAH - PANAMA CITY, PANAMA (MPTO), REPORTED A UAS AT THE 9 O'CLOCK POSITION WHILE ESE BOUND AT 1,500 FEET 3 ESE IAH. NO EVASIVE ACTION TAKEN. FBI NOTIFIED.","1,500",0,IAH,IAH,George Bush Intercontinental,9391946.487,United States,29.98329926,-95.33999634
28,2024-03-28,COLORADO,DENVER,"PRELIM INFO FROM FAA OPS: DENVER, CO/UAS SIGHTING/2100M/DENVER TRACON ADVISED, B38M, DEN - IAH, REPORTED A UAS WHILE S BOUND AT 7,800 FEET 5 S DEN. NO EVASIVE ACTION TAKEN. DENVER INTL ARPT PD NOTIFIED.","7,800",0,IAH,IAH,George Bush Intercontinental,9391946.487,United States,29.98329926,-95.33999634
29,2024-03-29,TEXAS,HOUSTON,"PRELIM INFO FROM FAA OPS: HOUSTON, TX/UAS SIGHTING/1553C/HOUSTON TRACON ADVISED, E75L, BTR - IAH, REPORTED UAS AT THE 9 O'CLOCK POSITION WHILE W BOUND AT 6,000 FEET 7 S IAH. NO EVASIVE ACTION TAKEN. FBI NOTIFIED.","6,000",0,IAH,IAH,George Bush Intercontinental,9391946.487,United States,29.98329926,-95.33999634
30,2024-03-29,TEXAS,HOUSTON,"PRELIM INFO FROM FAA OPS: HOUSTON, TX/UAS SIGHTING/1840C/HOUSTON ATCT ADVISED, CRJ2, VCT - IAH, REPORTED A BLACK AND SILVER UAS FROM THE 9 O'CLOCK POSITION WHILE E BOUND AT 8,000 FEET. NO EVASIVE ACTION TAKEN. HOUSTON PD AIR UNIT NOTIFIED.","8,000",0,IAH,IAH,George Bush Intercontinental,9391946.487,United States,29.98329926,-95.33999634
31,2024-01-02,FLORIDA,MIAMI,"PRELIM INFO FROM FAA OPS: MIAMI, FL/UAS SIGHTING/1031E/MIAMI ATCT ADVISED, B738, SAT - MIA, REPORTED UAS FROM THE 2 O'CLOCK POSITION WHILE NW BOUND AT SAME ALTITUDE 4 ESE MIA. NO EVASIVE ACTION TAKEN. MIAMI PD NOTIFIED.",,0,SAT,SAT,San Antonio Intl,333593.337,United States,29.5333004,-98.4693985
32,2024-01-06,TEXAS,SAN ANTONIO,"PRELIM INFO FROM FAA OPS: SAN ANTONIO, TX/UAS SIGHTING/1535C/SAN ANTONIO ATCT ADVISED, BEECH BE36, SAT - HDO, REPORTED A DARK-BLUE UAS WHILE SW BOUND AT 5,000 FEET 10 SW SAT. NO EVASIVE ACTION TAKEN. SAN ANTONIO PD NOTIFIED.","5,000",MDW,SAT,SAT,San Antonio Intl,333593.337,United States,29.5333004,-98.4693985
33,2024-01-28,ARIZONA,PHOENIX,"PRELIM INFO FROM FAA OPS: PHOENIX, AZ/UAS SIGHTING/1250M/PHOENIX TRACON ADVISED, B38M, PHX - SAT, REPORTED A UAS FROM THE 12 O'CLOCK POSITION WHILE ESE BOUND AT 5,500 FEET 8 ESE PHOENIX VORTAC (PXR). NO EVASIVE ACTION TAKEN. PHOENIX ARPT PD NOTITIFED AT.","5,500",0,SAT,SAT,San Antonio Intl,333593.337,United States,29.5333004,-98.4693985
34,2024-02-28,TEXAS,SAN ANTONIO,"PRELIM INFO FROM FAA OPS: SAN ANTONIO, TX/UAS SIGHTING/1645C/SAN ANTONIO ATCT ADVISED, B738, PHX - SAT, REPORTED A UAS FROM THE 9 O'CLOCK POSITION WHILE SE BOUND AT 3,500 FEET 17 SW SAT. NO EVASIVE ACTION REPORTED. SAPD NOTIFIED.","3,500",0,SAT,SAT,San Antonio Intl,333593.337,United States,29.5333004,-98.4693985
35,2024-01-02,ILLINOIS,CHICAGO,"PRELIM INFO FROM FAA OPS: CHICAGO, IL/UAS SIGHTING/1305C/CHICAGO TRACON ADVISED, B738, MCO - ORD, REPORTED A UAS FROM THE 9 O'CLOCK POSITION AT 11,000 FEET 45 NE ORD. NO EVASIVE ACTION TAKEN. LAW ENFORCEMENT NOT NOTIFIED.","11,000",0,MCO,MCO,Orlando Intl,4707358.201,United States,28.43169975,-81.3246994
36,2024-01-05,PUERTO RICO,SAN JUAN,"PRELIM INFO FROM FAA OPS: SAN JUAN, PUERTO RICO/UAS SIGHTING/0829L/SAN JUAN CERAP ADVISED, A321, MCO - SAN JUAN, PUERTO RICO (SJU), REPORTED A UAS-BALLOON AT SAME ALTITUDE FROM THEIR 3 O'CLOCK POSITION WHILE ESE BOUND AT 2,000 FEET 9 W SJU. NO EVASIVE ACTION TAKEN. SAN JUAN ARPT PD NOTIFIED.","2,000",0,MCO,MCO,Orlando Intl,4707358.201,United States,28.43169975,-81.3246994
37,2024-02-13,FLORIDA,ORLANDO,"PRELIM INFO FROM FAA OPS: ORLANDO, FL/UAS SIGHTING/1222E/ORLANDO ATCT ADVISED, B738, ORD - MCO, REPORTED A UAS FROM THE 9 Oâ€™CLOCK POSITION WHILE N BOUND AT 1,500 FEET 5 S MCO. NO EVASIVE ACTION TAKEN. OSCEOLA COUNTY SHERIFF NOTIFIED.","1,500",0,MCO,MCO,Orlando Intl,4707358.201,United States,28.43169975,-81.3246994
38,2024-02-19,NEW YORK,NEW YORK,"PRELIM INFO FROM FAA OPS: NEW YORK, NY/UAS SIGHTING/1312E/JFK ATCT ADVISED, A21N, MCO - JFK, REPORTED A BLACK AND WHITE UAS WHILE NW BOUND AT 1,000 FEET 4 SE JFK. NO EVASIVE ACTION REPORTED. PORT AUTHORITY NOTIFIED.","1,000",0,MCO,MCO,Orlando Intl,4707358.201,United States,28.43169975,-81.3246994
39,2024-03-08,FLORIDA,ORLANDO,"PRELIM INFO FROM FAA OPS: ORLANDO, FL/UAS SIGHTING/1550E/ORLANDO ATCT ADVISED, A339, AMSTERDAM, NETHERLANDS (EHAM) - MCO, REPORTED A WHITE UAS OFF LEFT SIDE WHILE S BOUND AT 1,000 FEET 3 N MCO. NO EVASIVE ACTION TAKEN. ORANGE COUNTY SHERIFF NOTIFIED.","1,000",0,MCO,MCO,Orlando Intl,4707358.201,United States,28.43169975,-81.3246994
40,2024-03-08,FLORIDA,ORLANDO,"PRELIM INFO FROM FAA OPS: ORLANDO, FL/UAS SIGHTING/1625E/ORLANDO ATCT ADVISED, B738, SAN JUAN, PUERTO RICO (TJSJ) - MCO, REPORTED A BLACK UAS OFF LEFT SIDE WHILE S BOUND AT 800 FEET 1 N MCO. NO EVASIVE ACTION TAKEN. ORANGE COUNTY SHERIFF NOTIFIED.",800,0,MCO,MCO,Orlando Intl,4707358.201,United States,28.43169975,-81.3246994
41,2024-03-20,DISTRICT OF COLUMBIA,WASHINGTON,"PRELIM INFO FROM FAA OPS: WASHINGTON, DC/UAS SIGHTING/0833E/WASHINGTON ATCT ADVISED, B738, DCA - MCO, REPORTED A BLACK UAS HOVERING AT THE 1 O'CLOCK POSITION WHILE N BOUND AT TWY J. NO EVASIVE ACTION TAKEN. PARK POLICE NOTIFIED.",,0,MCO,MCO,Orlando Intl,4707358.201,United States,28.43169975,-81.3246994
42,2024-03-31,NEW YORK,NEW YORK,"PRELIM INFO FROM FAA OPS: NEW YORK, NY/UAS SIGHTING/0957E/LAGUARDIA ATCT ADVISED, A20N, MCO - LGA, REPORTED A SILVER UAS 50 FEET ABOVE ACFT WHILE SW BOUND AT 1,500 FEET 4 NE LGA. NO EVASIVE ACTION TAKEN. PUBLIC USE PD17, HELO, NOTIFIED.",50,0,MCO,MCO,Orlando Intl,4707358.201,United States,28.43169975,-81.3246994
43,2024-01-02,GEORGIA,ATLANTA,"PRELIM INFO FROM FAA OPS: ATLANTA, GA/UAS SIGHTING/1328E/ATLANTA TRACON ADVISED, B738, RDU - ATL, REPORTED UAS FROM THE 3 O'CLOCK POSITION WHILE SW BOUND AT 5,000 FEET 15 NW ATL. NO EVASIVE ACTION TAKEN. ATLANTA PD NOTIFIED.","5,000",0,ATL,ATL,Hartsfield-Jackson Int,11226868.0,United States,33.64080048,-84.42720032
44,2024-03-24,GEORGIA,ATLANTA,"PRELIM INFO FROM FAA OPS: ATLANTA, GA/UAS SIGHTING/2011E/ATLANTA TRACON ADVISED, B712, ATL - CHA, REPORTED A UAS FROM THE 10 O'CLOCK POSITION WHILE E BOUND AT 2,800 FEET 2 E ATL. NO EVASIVE ACTION TAKEN. ATL PD NOTIFIED.","2,800",0,ATL,ATL,Hartsfield-Jackson Int,11226868.0,United States,33.64080048,-84.42720032
45,2024-03-31,GEORGIA,ATLANTA,"PRELIM INFO FROM FAA OPS: ATLANTA, GA/UAS SIGHTING/1210E/ATLANTA TRACON ADVISED, B712, MYR - ATL, REPORTED A UAS FROM THE 9 O'CLOCK POSITION WHILE N BOUND AT 5,000 FEET 20 SE ATL. NO INJURIES REPORTED. HENRY COUNTY PD NOTIFIED.","5,000",0,ATL,ATL,Hartsfield-Jackson Int,11226868.0,United States,33.64080048,-84.42720032
46,2024-01-02,DISTRICT OF COLUMBIA,WASHINGTON,"PRELIM INFO FROM FAA OPS: WASHINGTON, DC/UAS SIGHTING/1654E/POTOMAC TRACON ADVISED, B738, REPORTED UAS 400 FEET ABOVE ACFT FROM THE 12 O'CLOCK POSITION WHILE E BOUND AT 14,000 FEET 15 SW DCA. NO EVASIVE ACTION TAKEN. FAIRFAX COUNTY PD NOTIFIED.",400,0,DCA,DCA,Ronald Reagan National,262306.821,United States,38.85169983,-77.03690338
47,2024-02-05,TENNESSEE,NASHVILLE,"PRELIM INFO FROM FAA OPS: NASHVILLE, TN/UAS SIGHTING/0620C/NASHVILLE ATCT ADVISED, B737, DCA - BNA, REPORTED A WHITE UAS FROM THE 12 O'CLOCK POSITION WHILE NNE BOUND AT 2,400 FEET 5 S DCA. NO EVASIVE ACTION TAKEN. NASHVILLE ARPT PD NOTIFIED.","2,400",0,DCA,DCA,Ronald Reagan National,262306.821,United States,38.85169983,-77.03690338
48,2024-02-07,GEORGIA,ATLANTA,"PRELIM INFO FROM FAA OPS: ATLANTA, GA/UAS SIGHTING/1244E/ATLANTA TRACON ADVISED, A320, ATL - DCA, REPORTED A DARK COLORED UAS AT THE 1 O'CLOCK POSITION WHILE E BOUND AT 4,000 FEET 8 E ATL. NO EVASIVE ACTION TAKEN. CLAYTON COUNTY PD NOTIFIED.","4,000",0,DCA,DCA,Ronald Reagan National,262306.821,United States,38.85169983,-77.03690338
49,2024-02-16,DISTRICT OF COLUMBIA,WASHINGTON,"PRELIM INFO FROM FAA OPS: WASHINGTON, DC/UAS SIGHTING/1025E/DCA ATCT ADVISED, CRJ9, REPORTED A FOOTBALL SIZE UAS FROM THE 9 O'CLOCK POSITION AT 7,200 FEET WHILE E BOUND AT 8,000 FEET VCNTY DCA. NO EVASIVE ACTION REPORTED. LEO INFO NOT REPORTED.","7,200",0,DCA,DCA,Ronald Reagan National,262306.821,United States,38.85169983,-77.03690338
50,2024-03-30,DISTRICT OF COLUMBIA,WASHINGTON,"PRELIM INFO FROM FAA OPS: WASHINGTON, DC/UAS SIGHTING/1105E/POTOMAC TRACON ADVISED, HELO, REPORTED A UAS OPERATING BETWEEN 600-800 FEET WHILE E BOUND AT 1,400 FEET 17 E DCA. NO EVASIVE ACTION TAKEN. ANNE ARUNDEL COUNTY SHERIFF NOTIFIED.",800,0,DCA,DCA,Ronald Reagan National,262306.821,United States,38.85169983,-77.03690338
51,2024-01-05,NEW YORK,NEW YORK,"PRELIM INFO FROM FAA OPS: NEW YORK, NY/UAS SIGHTING/1530E/JFK ATCT ADVISED, A21N, LONDON, ENGLAND (EGLL) - JFK, REPORTED A GREY UAS AT THE 9 O'CLOCK POSITION WHILE W BOUND AT 600 FEET 1 E JFK. NO EVASIVE ACTION REPORTED. ARPT PD NOTIFIED.",600,0,JFK,JFK,John F Kennedy Intl,24715743.98,United States,40.6385994,-73.77690125
52,2024-02-25,NEW YORK,CALVERTON,"PRELIM INFO FROM FAA OPS: CALVERTON, NY/UAS SIGHTING/1753E/BOSTON ARTCC ADVISED, B772, LONDON, UNITED KINGDOM (EGKK) - JFK, REPORTED A UAS 1,000 FEET BELOW ACFT WHILE WSW BOUND AT 15,200 FEET 15 ENE CALVERTON VOR. NO EVASIVE ACTION TAKEN. SOUTHOLD PD NOTIFIED.","1,000",0,JFK,JFK,John F Kennedy Intl,24715743.98,United States,40.6385994,-73.77690125
53,2024-03-29,NEW YORK,NEW YORK,"PRELIM INFO FROM FAA OPS: NEW YORK, NY/UAS SIGHTING/1409E/JFK ATCT ADVISED, B787, REPORTED A WHITE QUAD COPTER UAS AT 1,000 FEET WHILE N BOUND TO RUNWAY 31R AT SAME ALTITUDE VCNTY JFK. NO EVASIVE ACTION TAKEN. PORT AUTHORITY PD NOTIFIED.","1,000",0,JFK,JFK,John F Kennedy Intl,24715743.98,United States,40.6385994,-73.77690125
54,2024-01-05,MARYLAND,BALTIMORE,"PRELIM INFO FROM FAA OPS: BALTIMORE, MD/UAS SIGHTING/1755E/BALTIMORE ATCT ADVISED,  HELO, REPORTED A UAS WHILE N BOUND AT 1,200 FEET 5 W BWI. NO EVASIVE ACTION TAKEN. HOWARD COUNTY SHERIFF NOTIFIED.","1,200",RDU,BWI,BWI,Baltimore/Wash Intl,1084255.256,United States,39.17499924,-76.66999817
55,2024-02-01,MARYLAND,BALTIMORE,"PRELIM INFO FROM FAA OPS: BALTIMORE, MD/UAS INCIDENT/2008E/BALTIMORE ATCT ADVISED, HELO, REPORTED UAS WHILE WNW BOUND AT 500 FEET 4 NE BWI. NO EVASIVE ACTION TAKEN. LEOS WERE NOTIFIED.",500,0,BWI,BWI,Baltimore/Wash Intl,1084255.256,United States,39.17499924,-76.66999817
56,2024-02-24,ILLINOIS,CHICAGO,"PRELIM INFO FROM FAA OPS: CHICAGO, IL/UAS SIGHTING/1410C/CHICAGO TRACON ADVISED, B738, MDW - BWI, REPORTED A BLACK UAS FROM THE 12 O'CLOCK POSITION WHILE E BOUND AT 8,000 FEET 7 E MDW. NO EVASIVE ACTION TAKEN. CHICAGO FBI NOTIFIED.","8,000",0,BWI,BWI,Baltimore/Wash Intl,1084255.256,United States,39.17499924,-76.66999817
57,2024-03-17,MARYLAND,BALTIMORE,"PRELIM INFO FROM FAA OPS: BALTIMORE, MD/UAS SIGHTING/1505E/POTOMAC TRACON ADVISED, PIPER PAY1, BWI - JWN, REPORTED A BLACK UAS 100 FEET OFF THE LEFT WING WHILE NNW BOUND AT 2,500 FEET 15 SW BWI. NO EVASIVE ACTION TAKEN. ANNE ARUNDEL PD NOTIFIED.",100,0,BWI,BWI,Baltimore/Wash Intl,1084255.256,United States,39.17499924,-76.66999817
58,2024-01-06,NEW YORK,NEW YORK,"PRELIM INFO FROM FAA OPS: NEW YORK, NY/UAS SIGHTING/1445E/LAGUARDIA ATCT ADVISED, E75S, MONTREAL, CANADA (CYUL) - LGA, REPORTED A BLACK UAS WHILE NE BOUND AT 1,000 FEET 2 SW LGA. NO EVASIVE ACTION TAKEN. NEW YORK PD NOTIFIED.","1,000",0,LGA,LGA,La Guardia,1677178.643,United States,40.77939987,-73.87580109
59,2024-01-14,NEW YORK,NEW YORK,"PRELIM INFO FROM FAA OPS: NEW YORK, NY/UAS SIGHTING/1557E/LA GUARDIA ATCT ADVISED, CRJ9, CLT - LGA, OBSERVED A UAS ON LEFT SIDE WHILE NORTHWEST BOUND AT 1,900 FEET, 5 SE LGA. NO INJURIES REPORTED. NO LEO NOTIFICATION PROVIDED.","1,900",LAS,LGA,LGA,La Guardia,1677178.643,United States,40.77939987,-73.87580109
60,2024-01-14,NEW YORK,NEW YORK,"(CORRECTION TO FLIGHT NUMBER) PRELIM INFO FROM FAA OPS: NEW YORK, NY/UAS SIGHTING/1557E/LA GUARDIA ATCT ADVISED, CRJ9, CLT - LGA, OBSERVED A UAS ON LEFT SIDE WHILE NORTHWEST BOUND AT 1,900 FEET, 5 SE LGA. NO INJURIES REPORTED. NO LEO NOTIFICATION PROVIDED.","1,900",DAB,LGA,LGA,La Guardia,1677178.643,United States,40.77939987,-73.87580109
61,2024-02-24,NEW YORK,NEW YORK,"PRELIM INFO FROM FAA OPS: NEW YORK, NY/UAS SIGHTING/0944E/LA GUARDIA ATCT ADVISED, CESSNA C210, REPORTED A UAS WHILE SW BOUND AT 1,500 FEET VCNTY LGA. NO EVASIVE ACTION TAKEN. NYPD HELO NOTIFIED.","1,500",0,LGA,LGA,La Guardia,1677178.643,United States,40.77939987,-73.87580109
62,2024-01-07,ILLINOIS,CHICAGO,"PRELIM INFO FROM FAA OPS: CHICAGO, IL/UAS SIGHTING/1818C/CHICAGO TRACON ADVISED, B738, RSW - ORD, REPORTED A UAS FROM THE 3 O'CLOCK POSITION WHILE W BOUND AT 3,500 FEET 7 E ORD. NO EVASIVE ACTION TAKEN. FBI NOTIFIED.","3,500",PAE,ORD,ORD,O'Hare International,9962225.616,United States,41.97809982,-87.90609741
63,2024-02-06,DISTRICT OF COLUMBIA,WASHINGTON,"PRELIM INFO FROM FAA OPS: WASHINGTON, DC/UAS SIGHTING/1540E/POTOMAC TRACON ADVISED, A319, ORD - DCA, REPORTED A STATIONARY UAS FROM THE 9 O'CLOCK POSITION WHILE N BOUND AT 2,500 FEET 10 SSW DCA. NO EVASIVE ACTION TAKEN. PRINCE GEORGE'S COUNTY PD NOTIFIED.","2,500",0,ORD,ORD,O'Hare International,9962225.616,United States,41.97809982,-87.90609741
64,2024-02-12,INDIANA,KNOX,"PRELIM INFO FROM FAA OPS: KNOX, IN/UAS SIGHTING/1055C/CHICAGO ARTCC ADVISED, E75L, SAV - ORD, REPORTED A SILVER UAS WHILE NW BOUND AT 14,000 FEET 10 N OXI. NO EVASIVE ACTION TAKEN. CHICAGO FBI NOTIFIED.","14,000",0,ORD,ORD,O'Hare International,9962225.616,United States,41.97809982,-87.90609741
65,2024-02-21,ILLINOIS,CHICAGO,"PRELIM INFO FROM FAA OPS: CHICAGO, IL/UAS SIGHTING/0717C/, B739, GSP - ORD, REPORTED A UAS OPERATING AT 4000 FT APPROX 10 E OF ORD. NO EVASIVE ACTION TAKEN. LAW ENFORCEMENT NOTIFIED.",4000,0,ORD,ORD,O'Hare International,9962225.616,United States,41.97809982,-87.90609741
66,2024-02-26,WASHINGTON,SEATTLE,"PRELIM INFO FROM FAA OPS: SEATTLE, WA/UAS SIGHTING/1020P/SEATTLE ATCT ADVISED, B39M, ORD - SEA, REPORTED A UAS FROM THE 12 O'CLOCK POSITION WHILE S BOUND AT 1,300 FEET 4 NNW SEA. NO EVASIVE ACTION TAKEN. PORT OF SEATTLE PD NOTIFIED.","1,300",0,ORD,ORD,O'Hare International,9962225.616,United States,41.97809982,-87.90609741
67,2024-03-28,ILLINOIS,CHICAGO,"PRELIM INFO FROM FAA OPS: CHICAGO, IL/UAS SIGHTING/1154C/CHICAGO TRACON ADVISED, B738, LAS - ORD, REPORTED A BLACK UAS FROM THE 9 O'CLOCK POSITION WHILE E BOUND AT 5,000 FEET 14 ESE ORD. NO EVASIVE ACTION TAKEN. FBI NOTIFIED.","5,000",0,ORD,ORD,O'Hare International,9962225.616,United States,41.97809982,-87.90609741
68,2024-01-10,OKLAHOMA,OKLAHOMA CITY,"PRELIM INFO FROM FAA OPS: OKLAHOMA CITY, OK/UAS SIGHTING/1419C/OKLAHOMA CITY ATCT ADVISED, B38M, AUS - OKC, REPORTED A WHITE UAS FROM THE 1 O'CLOCK POSITION WHILE S BOUND AT 1,600 FEET 2 E OKC. NO EVASIVE MANEUVERS REPORTED. OKLAHOMA CITY PD NOTIFIED.","1,600",MSO,AUS,AUS,Austin-Bergstrom International Airport,408476.243,United States,30.19449997,-97.66989899
69,2024-02-11,TEXAS,HARLINGEN,"PRELIM INFO FROM FAA OPS: HARLINGEN, TX/UAS SIGHTING/1235C/HARLINGEN ATCT ADVISED, B38M, AUS - HRL, REPORTED A UAS WHILE NW BOUND AT 700 FEET 1 SE HRL. NO EVASIVE ACTION TAKEN. HARLINGEN PD NOTIFIED.",700,0,AUS,AUS,Austin-Bergstrom International Airport,408476.243,United States,30.19449997,-97.66989899
70,2024-03-24,TEXAS,AUSTIN,"PRELIM INFO FROM FAA OPS: AUSTIN, TX/UAS SIGHTING/1604C/AUSTIN ATCT ADVISED, A320, JFK - AUS, REPORTED A UAS 200 FEET BELOW ACFT WHILE S BOUND AT 1,500 FEET 9 SW CENTEX VORTAC (CWK). NO EVASIVE ACTION TAKEN. AUSTIN ARPT OPS NOTIFIED.",200,0,AUS,AUS,Austin-Bergstrom International Airport,408476.243,United States,30.19449997,-97.66989899
71,2024-03-24,TEXAS,AUSTIN,"PRELIM INFO FROM FAA OPS: AUSTIN, TX/UAS SIGHTING/1606C/AUSTIN ATCT ADVISED, A319, PHX - AUS, REPORTED A BLACK UAS 200 FEET BELOW ACFT WHILE S BOUND AT 1,300 FEET 9 SW CENTEX VORTAC (CWK). NO EVASIVE ACTION TAKEN. AUSTIN ARPT OPS NOTIFIED.",200,0,AUS,AUS,Austin-Bergstrom International Airport,408476.243,United States,30.19449997,-97.66989899
72,2024-01-10,TEXAS,EL PASO,"PRELIM INFO FROM FAA OPS: EL PASO, TX/UAS SIGHTING/1638M/EL PASO ATCT ADVISED, EXPERIMENTAL VAN'S RV8, REPORTED A UAS 100 FEET BELOW FROM THE 7 O'CLOCK POSITION WHILE NW BOUND AT 5,000 FEET 5 NW ELP. NO EVASIVE ACTION TAKEN. LEO NOTIFICATION NOT REPORTED.",100,DAL,ELP,ELP,El Paso Intl,957.593,United States,31.80669975,-106.3771973
73,2024-03-02,TEXAS,EL PASO,"PRELIM INFO FROM FAA OPS: EL PASO, TX/UAS SIGHTING/1245M/EL PASO ATCT ADVISED, BE20, REPORTED A UAS AT THE 3 O'CLOCK POSITION WHILE S BOUND AT 8,000 FEET 15 ENE ELP. NO EVASIVE ACTION TAKEN. EL PASO DPS NOTIFIED.","8,000",0,ELP,ELP,El Paso Intl,957.593,United States,31.80669975,-106.3771973
74,2024-01-11,TEXAS,DALLAS,"PRELIM INFO FROM FAA OPS: DALLAS, TX/UAS SIGHTING/0547C/DALLAS LOVE ATCT ADVISED, BELL B429, REPORTED AN ORANGE UAS WHILE NNE BOUND AT 600 FEET 40 E DAL. NO EVASIVE MANEUVERS TAKEN. DFW DPS NOTIFIED.",600,PHL,DAL,DAL,Dallas Love Field,29551.06,United States,32.84690094,-96.85140228
75,2024-02-24,TEXAS,DALLAS,"PRELIM INFO FROM FAA OPS: DALLAS, TX/UAS SIGHTING/1829C/LOVE ATCT ADVISED, ROBINSON R44, REPORTED A BLACK QUAD-COPTER UAS WHILE NNW BOUND AT 800 FEET 6 SE DAL. NO EVASIVE ACTION TAKEN. DFW DPS NOTIFIED.",800,0,DAL,DAL,Dallas Love Field,29551.06,United States,32.84690094,-96.85140228
76,2024-01-11,NEVADA,LAS VEGAS,"PRELIM INFO FROM FAA OPS: LAS VEGAS, NV/UAS SIGHTING/1710P/LAS VEGAS TRACON ADVISED, A20N, LAS - DEN, REPORTED A UAS FROM THE 10 O'CLOCK POSITION WHILE E BOUND AT 4,900 FEET 6 NE LAS. NO EVASIVE ACTION REPORTED. LAS VEGAS METRO PD NOTIFIED.","4,900",IAH,LAS,LAS,Mccarran Intl,2446949.092,United States,36.07970047,-115.1588974
77,2024-01-14,NEVADA,LAS VEGAS,"PRELIM INFO FROM FAA OPS: LAS VEGAS, NV/UAS SIGHTING/1326P/NORTH LAS VEGAS ATCT ADVISED, DIAMOND DA40, VGT - VGT, REPORTED A SILVER UAS WHILE N BOUND AT 2,800 FEET 2 N VGT. NO EVASIVE ACTIONS TAKEN. LAS VEGAS METRO PD NOTIFIED.","2,800",HAD,LAS,LAS,Mccarran Intl,2446949.092,United States,36.07970047,-115.1588974
78,2024-01-17,NEVADA,LAS VEGAS,"PRELIM INFO FROM FAA OPS: LAS VEGAS, NV/UAS SIGHTING/1841P/LAS VEGAS ATCT ADVISED, HELO, LAS - LAS, REPORTED A UAS WHILE S BOUND AT 2,600 FEET 1 N LAS. NO EVASIVE ACTION TAKEN. NO LEO NOTIFICATION REPORTED.","2,600",0,LAS,LAS,Mccarran Intl,2446949.092,United States,36.07970047,-115.1588974
79,2024-01-18,NEVADA,LAS VEGAS,"PRELIM INFO FROM FAA OPS: LAS VEGAS, NV/UAS INCIDENT/1445P/NORTH LAS VEGAS ATCT ADVISED, HELO , REPORTED A WHITE UAS WHILE NW BOUND AT 3,000 FEET 12 NNW LAS. PILOT MADE EVASIVE MANEUVERS TO AVOID THE UAS. CLARK COUNTY METRO PD NOTIFIED.","3,000",0,LAS,LAS,Mccarran Intl,2446949.092,United States,36.07970047,-115.1588974
80,2024-02-11,NEVADA,LAS VEGAS,"PRELIM INFO FROM FAA OPS: LAS VEGAS, NV/UAS SIGHTING/1646P/LAS VEGAS TRACON ADVISED, H60, REPORTED A UAS FROM THE 3 O'CLOCK POSITION WHILE  W BOUND AT 5,800 FEET 6 SSE LAS VEGAS VOR. NO EVASIVE ACTION TAKEN. LEO NOTIFICATION NOT REPORTED.","5,800",0,LAS,LAS,Mccarran Intl,2446949.092,United States,36.07970047,-115.1588974
81,2024-03-05,NEVADA,LAS VEGAS,"PRELIM INFO FROM FAA OPS: LAS VEGAS, NV/UAS SIGHTING/2100P/LAS VEGAS ATCT ADVISED, B737, CALGARY, CANADA (CYYC) - LAS, REPORTED A UAS AT 100 FEET WHILE W BOUND AT 100 FEET .5 E LAS. NO EVASIVE ACTION TAKEN. LAS VEGAS ARPT PD NOTIFIED.",100,0,LAS,LAS,Mccarran Intl,2446949.092,United States,36.07970047,-115.1588974
82,2024-03-07,NEVADA,LAS VEGAS,"PRELIM INFO FROM FAA OPS: LAS VEGAS, NV/UAS SIGHTING/1537P/NORTH VEGAS ATCT ADVISED, PIPER P28A, UNKN - VGT, REPORTED WHITE UAS 50 FEET ABOVE ACFT FROM THE 6 O'CLOCK POSITION WHILE SE BOUND AT 2,500 FEET 7 NW LAS. NO EVASIVE ACTION REPORTED. NO LAW ENFORCEMENT NOTIFICATION REPORTED.",50,0,LAS,LAS,Mccarran Intl,2446949.092,United States,36.07970047,-115.1588974
83,2024-03-20,NEVADA,LAS VEGAS,"PRELIM INFO FROM FAA OPS: LAS VEGAS, NV/UAS SIGHTING/1535P/LAS VEGAS TRACON ADVISED, CESSNA C206, REPORTED A UAS 2,000 FEET BELOW THE ACFT WHILE N BOUND AT 7,500 FEET 9 ESE LAS. NO EVASIVE ACTION TAKEN. LAS VEGAS METRO PD NOTIFIED.","2,000",0,LAS,LAS,Mccarran Intl,2446949.092,United States,36.07970047,-115.1588974
84,2024-03-23,TEXAS,HOUSTON,"PRELIM INFO FROM FAA OPS: HOUSTON, TX/UAS SIGHTING/1225C/HOBBY ATCT ADVISED, B737, LAS - HOU, REPORTED A UAS 400 FEET BELOW ACFT FROM THE 6 O'CLOCK POSITION WHILE NE BOUND AT 2,000 FEET 5 SW HOU. NO EVASIVE ACTION TAKEN. LEO NOTIFICATION NOT REPORTED.",400,0,LAS,LAS,Mccarran Intl,2446949.092,United States,36.07970047,-115.1588974
85,2024-01-12,FLORIDA,FORT LAUDERDALE,"PRELIM INFO FROM FAA OPS: FORT LAUDERDALE, FL/UAS SIGHTING/1805E/MIAMI APCH ADVISED, A320, FLL - CVG, REPORTED A GRAY AND BLACK UAS FROM THE 9 O'CLOCK POSITION WHILE E BOUND AT 2,000 FEET 3 WNW FLL. NO EVASIVE ACTION TAKEN. BROWARD COUNTY SHERIFF NOTIFIED.","2,000",ATL,CVG,CVG,Northern Kentucky International,269720.584,United States,39.04610062,-84.66390228
86,2024-01-22,NEW YORK,NEW YORK,"PRELIM INFO FROM FAA OPS: NEW YORK, NY/UAS SIGHTING/1240E/LA GUARDIA ATCT ADVISED, CRJ9, CVG - LGA, REPORTED A WHITE UAS FROM THE 3 O'CLOCK POSITION WHILE SW BOUND AT 700 FEET 2 NE LGA. NO EVASIVE ACTION TAKEN. NEW YORK PD NOTIFIED.",700,0,CVG,CVG,Northern Kentucky International,269720.584,United States,39.04610062,-84.66390228
87,2024-02-27,FLORIDA,FORT MYERS,"PRELIM INFO FROM FAA OPS: FORT MYERS, FL/UAS SIGHTING/1405E/FORT MYERS ATCT ADVISED, A321, CVG - RSW, REPORTED 4 UAS WHILE ENE BOUND AT 5,000 FEET 5 SSW RSW. NO EVASIVE ACTION TAKEN. LEE COUNTY SHERIFF NOTIFIED.","5,000",0,CVG,CVG,Northern Kentucky International,269720.584,United States,39.04610062,-84.66390228
88,2024-03-16,OHIO,CINCINNATI,"PRELIM INFO FROM FAA OPS: CINCINNATI, OH/UAS SIGHTING/1530E/CINCINNATI TRACON ADVISED, CESSNA C172, I69 - I69, REPORTED A BLUE AND ORANGE UAS FROM THE 10 Oâ€™CLOCK POSITION WHILE WNW BOUND AT 3,000 FEET 7 NNE LUK. NO EVASIVE ACTION TAKEN. CVG AIRPORT PD NOTIFIED.","3,000",0,CVG,CVG,Northern Kentucky International,269720.584,United States,39.04610062,-84.66390228
89,2024-03-30,KENTUCKY,COVINGTON,"PRELIM INFO FROM FAA OPS: COVINGTON, KY/UAS SIGHTING/1800E/CINCINNATI ATCT ADVISED, CESSNA C172, REPORTED A UAS 200 FEET BELOW ACFT FROM THE 12 O'CLOCK POSITION WHILE SSW BOUND AT 2,500 FEET 10 SE CVG. NO EVASIVE ACTION TAKEN. CINCINNATI ARPT PD NOTIFIED.",200,0,CVG,CVG,Northern Kentucky International,269720.584,United States,39.04610062,-84.66390228
90,2024-01-12,COLORADO,DENVER,"PRELIM INFO FROM FAA OPS: DENVER, CO/UAS SIGHTING/1635M/DENVER TRACON ADVISED, A21N, ONT - DEN, REPORTED A UAS WHILE N BOUND AT 8,000 FEET 10 S DEN. NO EVASIVE ACTION TAKEN. DENVER ARPT PD NOTIFIED.","8,000",TLH,ONT,ONT,Ontario Intl,181444.375,United States,34.05720139,-117.6081009
91,2024-01-13,TEXAS,DALLAS-FORT WORTH,"PRELIM INFO FROM FAA OPS: DALLAS-FORT WORTH, TX/UAS SIGHTING/1115C/DALLAS -FORT WORTH TRACON ADVISED, CRJ9, SHV - DFW, REPORTED A SMALL BLACK UAS AT THE 10 O'CLOCK POSITION WHILE SW BOUND AT 4,500 FEET  15 NNE DFW. NO EVASIVE ACTION TAKEN. DFW ARPT DPS NOTIFIED.","4,500",CLT,SHV,SHV,Shreveport Regional,866.6,United States,32.44689941,-93.82859802
92,2024-02-23,LOUISIANA,SHREVEPORT,"PRELIM INFO FROM FAA OPS: SHREVEPORT, LA/UAS SIGHTING/1400C/C-ROC ADVISED, TEX2, REPORTED A UAS ON FINAL AT UNKN ALTITUDE WHILE ON FINAL SHV. NO EVASIVE ACTION TAKEN. LEO NOTIFICATION NOT REPORTED.",,0,SHV,SHV,Shreveport Regional,866.6,United States,32.44689941,-93.82859802
93,2024-01-13,UTAH,SALT LAKE CITY,"PRELIM INFO FROM FAA OPS: SALT LAKE CITY, UT/UAS SIGHTING/0810M/SALT LAKE CITY TRACON ADVISED, BCS3, SLC - STL, REPORTED A GREY UAS FROM THE 1 O'CLOCK POSITION WHILE NNW BOUND AT 7,000 FEET 11 S WASATCH VOR. NO EVASIVE ACTION TAKEN. SALT LAKE CITY ARPT PD NOTIFIED.","7,000",MCO,SLC,SLC,Salt Lake City Intl,1049183.954,United States,40.78419876,-111.9669037
94,2024-02-28,CALIFORNIA,SAN FRANCISCO,"PRELIM INFO FROM FAA OPS: SAN FRANCISCO, CA/UAS SIGHTING/0948P/NORTHERN CALIFORNIA TRACON ADVISED, A319, SLC - SFO, REPORTED A WHITE UAS FROM THE 1 O'CLOCK POSITION WHILE N BOUND AT 5,000 FEET 16 ESE SFO. NO EVASIVE ACTION TAKEN. LEO NOTIFICATION NOT REPORTED.","5,000",0,SLC,SLC,Salt Lake City Intl,1049183.954,United States,40.78419876,-111.9669037
95,2024-01-13,COLORADO,COLORADO SPRINGS,"PRELIM INFO FROM FAA OPS: COLORADO SPRINGS, CO/UAS INCIDENT/1704M/COLORADO SPRINGS ATCT ADVISED, PIPER P28A, COS - COS, REPORTED A UAS FROM THE 4 O'CLOCK POSITION WHILE N BOUND AT 9,500 FEET 7 NE FLY. PILOT MADE TURN TO AVOID UAS. LOCAL LEOS NOTIFIED.","9,500",DPS,COS,COS,Municipal,584.955,United States,38.80889893,-104.709198
96,2024-01-14,CALIFORNIA,LOS ANGELES,"PRELIM INFO FROM FAA OPS: LOS ANGELES, CA/UAS SIGHTING/1050P/SOCAL TRACON ADVISED, B738, MSP - LAX, REPORTED A UAS FROM THE 9 O'CLOCK POSITION WHILE WSW BOUND AT 3,400 FEET 10 ENE LAX. NO EVASIVE ACTION TAKEN. LOS ANGELES COUNTY SHERIFF NOTIFIED.","3,400",FAT,MSP,MSP,Minneapolis International,3465706.72,United States,44.88610077,-93.21779633
97,2024-02-16,MINNESOTA,MINNEAPOLIS,"PRELIM INFO FROM FAA OPS: MINNEAPOLIS, MN/UAS SIGHTING/1807C/MINNEAPOLIS TRACON ADVISED, BEECH BE40, STP - FCM, REPORTED A UAS FROM THE 12 O'CLOCK POSITION WHILE SSW BOUND AT 4,000 FEET 3 E MSP. NO EVASIVE ACTION TAKEN. MINNEAPOLIS ARPT PD NOTIFIED.","4,000",0,MSP,MSP,Minneapolis International,3465706.72,United States,44.88610077,-93.21779633
98,2024-03-15,FLORIDA,FORT MYERS,"PRELIM INFO FROM FAA OPS: FORT MYERS, FL/UAS SIGHTING/1110E/FORT MYERS ATCT ADVISED, A321, MSP - RSW, REPORTED BLACK QUADCOPTER FROM THE 3 O'CLOCK POSITION WHILE NE BOUND AT 1,000 FEET. NO EVASIVE ACTION TAKEN. LEE COUNTY SHERIFF NOTIFIED.","1,000",0,MSP,MSP,Minneapolis International,3465706.72,United States,44.88610077,-93.21779633
99,2024-03-24,ILLINOIS,CHICAGO,"PRELIM INFO FROM FAA OPS: CHICAGO, IL/UAS SIGHTING/1653C/CHICAGO TRACON ADVISED, A319, MSP - ORD, REPORTED A UAS WHILE S BOUND AT 6,000 FEET 23 NW ORD. NO EVASIVE ACTION TAKEN. FBI NOTIFIED.","6,000",0,MSP,MSP,Minneapolis International,3465706.72,United States,44.88610077,-93.21779633
100,2024-01-14,FLORIDA,DAYTONA BEACH,"PRELIM INFO FROM FAA OPS: DAYTONA BEACH, FL/UAS SIGHTING/2107E/DAYTONA BEACH ATCT ADVISED, CESSNA C152, CRG - DAB, REPORTED A UAS WITH A BLUE LIGHT AT THE 9 O'CLOCK POSITION WHILE S BOUND AT 3,000 FEET 1 WSW DAB. NO EVASIVE ACTION TAKEN. VOLUSIA COUNTY SHERIFF NOTIFIED.","3,000",0,DAB,DAB,Daytona Beach International,2469.81,United States,29.18250084,-81.05280304
101,2024-02-14,FLORIDA,DAYTONA BEACH,"PRELIM INFO FROM FAA OPS: DAYTONA BEACH, FL/UAS INCIDENT/1757E/DAYTONA BEACH TRACON ADVISED, CESSNA C172, EVB - EVB, REPORTED A BLACK FIXED WING UAS AT THE 12 O'CLOCK POSITION WHILE NNW BOUND AT 5,000 FEET 4 SSE DAB. PIC TOOK EVASIVE ACTION TO AVOID UAS.  VOLUSIA COUNTY SHERIFF NOTIFIED.","5,000",0,DAB,DAB,Daytona Beach International,2469.81,United States,29.18250084,-81.05280304
102,2024-01-15,MASSACHUSETTS,BOSTON,"PRELIM INFO FROM FAA OPS: BOSTON, MA/UAS SIGHTING/1520E/BOSTON ARTCC ADVISED, B77W, PARIS, FRANCE (LFPG) - BOS, REPORTED A MEDIUM BLACK UAS FROM THE 12 O'CLOCK POSITION WHILE WSW BOUND AT 16,000 FEET 58 ENE BOS. NO EVASIVE ACTION TAKEN. LEO NOTIFICATION NOT REPORTED.","16,000",0,BOS,BOS,Logan International,5785183.285,United States,42.36360169,-71.00610352
103,2024-02-17,FLORIDA,MIAMI,"PRELIM INFO FROM FAA OPS: MIAMI, FL/UAS SIGHTING/1026E/MIAMI ATCT ADVISED, E170, MIA - BOS, REPORTED A RED-WHITE UAS FROM THE 12 O'CLOCK POSITION WHILE W BOUND AT 3,000 FEET 3 W MIA. NO EVASIVE ACTION TAKEN. MIAMI DADE PD NOTIFIED.","3,000",0,BOS,BOS,Logan International,5785183.285,United States,42.36360169,-71.00610352
104,2024-03-10,MASSACHUSETTS,WORCESTER,"PRELIM INFO FROM FAA OPS: WORCESTER, MA/UAS SIGHTING/1450E/YANKEE TRACON ADVISED, PILATUS PC12, BOS - BDR, REPORTED A UAS 500 FEET BELOW ACFT FROM THE 10 O'CLOCK POSITION WHILE W BOUND AT 6,000 FEET 15 S ORH. NO EVASIVE ACTION TAKEN. MASSACHUSETTS STATE PD NOTIFIED.",500,0,BOS,BOS,Logan International,5785183.285,United States,42.36360169,-71.00610352
105,2024-03-15,DISTRICT OF COLUMBIA,WASHINGTON,"PRELIM INFO FROM FAA OPS: WASHINGTON, DC/UAS SIGHTING/1432E/WASHINGTON ATCT ADVISED, E75S, BOS - DCA, REPORTED A UAS FROM THE 12 O'CLOCK POSITION WHILE N BOUND AT 2,000 FEET 5 S DCA. NO EVASIVE ACTION TAKEN. DC PD NOTIFIED.","2,000",0,BOS,BOS,Logan International,5785183.285,United States,42.36360169,-71.00610352
106,2024-03-18,ILLINOIS,CHICAGO,"PRELIM INFO FROM FAA OPS: CHICAGO, IL/UAS SIGHTING/1905C/CHICAGO TRACON ADVISED, EMBRAER E55P, BOS - MDW, REPORTED A UAS FROM THE 12 O'CLOCK POSITION WHILE NW BOUND AT 4,000 FEET 7 ESE MDW. NO EVASIVE ACTION TAKEN. FBI NOTIFIED.","4,000",0,BOS,BOS,Logan International,5785183.285,United States,42.36360169,-71.00610352
107,2024-03-24,MASSACHUSETTS,BOSTON,"PRELIM INFO FROM FAA OPS: BOSTON, MA/UAS SIGHTING/LATE REPORT-1658E/BOSTON TRACON ADVISED, DE HAVILLAND CANADA DH8D, TORONTO, CANADA (CYTZ) - BOS, REPORTED A RED UAS FROM THE 12 O'CLOCK POSITION WHILE NE BOUND AT 1,800 FEET 6 SW BOS. NO EVASIVE ACTION TAKEN. MASS STATE PD NOTIFIED.","1,800",0,BOS,BOS,Logan International,5785183.285,United States,42.36360169,-71.00610352
108,2024-01-22,WASHINGTON,SEATTLE,"PRELIM INFO FROM FAA OPS: SEATTLE, WA/UAS INCIDENT/LATE REPORT - 1809P/W-ROC ADVISED, CESSNA C172, BFI - BFI, REPORTED A POSSIBLE UAS STRIKE WHILE SE BOUND AT UNKN ALTITUDE ON A SHORT FINAL TO RUNWAY 14L. PIC REPORTED MULTIPLE PAINT CHIPS, SCRAPES, AND DENTS TO THE TRAILING EDGE OF THE LEFT AILERON. NO SNARGE FOUND. NO DESCRIPTION PROVIDED OF POSSIBLE UAS. 2 POB. NO INJURIES REPORTED. DAMAGE: MINOR. LEO NOTIFICATION NOT PROVIDED.",,0,BFI,BFI,Boeing Field-King County International,389.97,United States,47.52890015,-122.2994003
109,2024-01-22,OHIO,COLUMBUS,"PRELIM INFO FROM FAA OPS: COLUMBUS, OH/UAS INCIDENT/2217E/COLUMBUS APCH ADVISED, MD HELICOPTERS H500, REPORTED TAKING EVASIVE ACTION TO AVOID A UAS AT THE 3 O'CLOCK POSITION WHILE NW BOUND AT 1,400 FEET 4 WNW CMH. COLUMBUS PD GROUND UNITS WERE NOTIFIED.","1,400",0,CMH,CMH,John Glenn Columbus International Airport,132273.491,United States,39.99110031,-82.87830353
110,2024-01-24,CALIFORNIA,SAN DIEGO,"PRELIM INFO FROM FAA OPS: SAN DIEGO, CA/UAS SIGHTING/0648P/SAN DIEGO ATCT ADVISED, BELL B206, REPORTED A BLACK UAS WHILE N BOUND AT 1,500 FEET 7 E SAN. NO EVASIVE ACTION TAKEN. SAN PD NOTIFIED.","1,500",0,SAN,SAN,San Diego International Airport,811523.237,United States,32.73360062,-117.1866989
111,2024-02-02,CALIFORNIA,SAN JOSE,"PRELIM INFO FROM FAA OPS: SAN JOSE, CA/UAS SIGHTING/1208P/NORCAL TRACON ADVISED, BOMBARDIER CL35, REPORTED UAS PASS 1,000 FEET BENEATH ACFT WHILE W BOUND AT 3,000 FEET VCNTY SAN JOSE. NO EVASIVE ACTION REPORTED. SAN JOSE PD NOTIFIED.","1,000",0,SAN,SAN,San Diego International Airport,811523.237,United States,32.73360062,-117.1866989
112,2024-02-03,CALIFORNIA,SAN DIEGO,"PRELIM INFO FROM FAA OPS: SAN DIEGO, CA/UAS SIGHTING/1440P/MONTGOMERY ATCT ADVISED, CESSNA C172, MYF - MYF, REPORTED A UAS AT 700 FEET WHILE NNE BOUND AT 1,100 FEET 1 ESE MYF. NO EVASIVE ACTION TAKEN. LEO NOTIFICATION NOT REPORTED.",700,0,SAN,SAN,San Diego International Airport,811523.237,United States,32.73360062,-117.1866989
113,2024-02-16,CALIFORNIA,SAN DIEGO/EL CAJON,"PRELIM INFO FROM FAA OPS: SAN DIEGO-EL CAJON, CA/UAS SIGHTING/1026P/MONTGOMERY-GIBBS ATCT ADVISED, CESSNA C172, RNM - MYF, REPORTED AN ORANGE UAS 500 FEET BELOW THEIR 7 O'CLOCK POSITION WHILE WSW BOUND AT 3,500 FEET 2 SE SEE. NO EVASIVE ACTION TAKEN. SAN DIEGO PD NOTIFIED.",500,0,SAN,SAN,San Diego International Airport,811523.237,United States,32.73360062,-117.1866989
114,2024-02-25,NEW JERSEY,NEWARK,"PRELIM INFO FROM FAA OPS: NEWARK, NJ/UAS SIGHTING/1054E/NEWARK ATCT ADVISED, A320, SAN JUAN, PUERTO RICO (TJSJ) - EWR, REPORTED A WHITE UAS FROM THE 9 O'CLOCK POSITION WHILE SW BOUND AT 800 FEET 2 NE EWR. NO EVASIVE ACTION TAKEN. PORT AUTHORITY PD NOTIFIED.",800,0,SAN,SAN,San Diego International Airport,811523.237,United States,32.73360062,-117.1866989
115,2024-02-25,NEW JERSEY,NEWARK,"[MESSAGE STATUS] INFO FROM FAA OPS: NEWARK, NJ/UAS SIGHTING/1054E/NEWARK ATCT ADVISED, A320, SAN JUAN, PUERTO RICO (TJSJ) - EWR, REPORTED A WHITE UAS FROM THE 9 O'CLOCK POSITION WHILE SW BOUND AT 800 FEET 2 NE EWR. NO EVASIVE ACTION TAKEN. PORT AUTHORITY PD NOTIFIED.",800,0,SAN,SAN,San Diego International Airport,811523.237,United States,32.73360062,-117.1866989
116,2024-01-29,TEXAS,HOUSTON,"PRELIM INFO FROM FAA OPS: HOUSTON, TX/UAS SIGHTING/1905C/HOBBY ATCT ADVISED, HELO, UNKN - UNKN, REPORTED A UAS WHILE N BOUND AT 400 FEET 7 WNW HOU. NO EVASIVE ACTION TAKEN. HOUSTON PD NOTIFIED.",400,BFI,HOU,HOU,William P Hobby,726011.482,United States,29.64500046,-95.2786026
117,2024-02-25,TEXAS,HOUSTON,"PRELIM INFO FROM FAA OPS: HOUSTON, TX/UAS SIGHTING/1335C/HOUSTON TRACON ADVISED, BEECH BE20, REPORTED A UAS FROM THE 12 O'CLOCK POSITION  20 FEET ABOVE WHILE E BOUND AT 7,000 FEET 10 NNW HOU. NO EVASIVE ACTION TAKEN. FBI NOTIFIED.",20,0,HOU,HOU,William P Hobby,726011.482,United States,29.64500046,-95.2786026
118,2024-01-31,NEVADA,LAS VEGAS,"PRELIM INFO FROM FAA OPS: LAS VEGAS, NV/UAS SIGHTING/1302P/LAS VEGAS TRACON ADVISED, BOMBARDIER GL5T, LAS - SFO, REPORTED A UAS FROM THE 1 O'CLOCK POSITION WHILE W BOUND AT 13,000 FEET 23 SW LAS. NO EVASIVE ACTION TAKEN. LEO NOTIFICATION NOT REPORTED.","13,000",0,SFO,SFO,San Francisco Intl,9998319.506,United States,37.61940002,-122.3728027
119,2024-02-01,GEORGIA,ATLANTA,"PRELIM INFO FROM FAA OPS: ATLANTA, GA/UAS SIGHTING/0823E/ATLANTA TRACON ADVISED, B752, MSY - ATL, REPORTED A GREEN UAS OFF RIGHT SIDE WHILE E BOUND AT 9,800 FEET 5 ESE ATL. NO EVASIVE ACTION TAKEN. SPALDING COUNTY SHERIFF NOTIFIED.","9,800",0,MSY,MSY,New Orleans Intl,186089.351,United States,29.99110031,-90.25140381
120,2024-02-19,ILLINOIS,CHICAGO,"PRELIM INFO FROM FAA OPS: CHICAGO, IL/UAS SIGHTING/1500C/CHICAGO TRACON ADVISED, B738, MSY - ORD, REPORTED A UAS WHILE W BOUND AT 5,000 FEET 5 N ORD. NO EVASIVE ACTION TAKEN. FBI NOTIFIED.","5,000",0,MSY,MSY,New Orleans Intl,186089.351,United States,29.99110031,-90.25140381
121,2024-02-03,FLORIDA,TAMPA,"PRELIM INFO FROM FAA OPS: TAMPA, FL/UAS SIGHTING/1152E/TAMPA ATCT ADVISED, A321, PHL - TPA, REPORTED RED AND BLACK UAS WHILE S BOUND AT 4,000 FEET 11 SSE TPA. NO EVASIVE ACTION TAKEN. TAMPA FBI NOTIFIED.","4,000",0,TPA,TPA,Tampa International,802826.906,United States,27.97310066,-82.53530121
122,2024-02-11,FLORIDA,TAMPA,"PRELIM INFO FROM FAA OPS: TAMPA, FL/UAS SIGHTING/LATE REPORT-2/11 1937E/TAMPA ATCT ADVISED, HELO, REPORTED A UAS AT 800 FEET VCNTY TPA. NO DIRECTION OF FLIGHT WAS REPORTED. EVASIVE MANUEVERS WERE TAKEN. LEO NOTIFICATION NOT REPORTED.",800,0,TPA,TPA,Tampa International,802826.906,United States,27.97310066,-82.53530121
123,2024-02-03,FLORIDA,TALLAHASSEE,"PRELIM INFO FROM FAA OPS: TALLAHASSEE, FL/UAS SIGHTING/1451E/TALLAHASSEE APCH ADVISED, CESSNA T210, REPORTED A SILVER UAS OFF LEFT SIDE 500 FEET BELOW WHILE E BOUND AT 7,000 FEET 12 S TLH. NO EVASIVE ACTION TAKEN. WAKULLA COUNTY SHERIFF NOTIFIED.",500,0,TLH,TLH,Tallahassee International,953.26,United States,30.39970017,-84.35189819
124,2024-03-29,FLORIDA,TALLAHASSEE,"PRELIM INFO FROM FAA OPS: TALLAHASSEE, FL/UAS SIGHTING/1110E/TALLAHASSE ATCT ADVISED, CESSNA C172, [DEPARTURE] - , REPORTED A UAS FROM THE 9 O'CLOCK POSITION WHILE N BOUND AT 3,000 FEET 3 NNE TLH. NO EVASIVE ACTION TAKEN. TALLAHASSE PD NOTIFIED.","3,000",0,TLH,TLH,Tallahassee International,953.26,United States,30.39970017,-84.35189819
125,2024-02-03,TEXAS,DALLAS,"PRELIM INFO FROM FAA OPS: DALLAS, TX/UAS SIGHTING/1700C/FORT WORTH TRACON ADVISED, PILATUS PC12, REPORTED A UAS FROM THE 12 O'CLOCK POSITION WHILE NW BOUND AT 3,000 FEET 1 SSE ADS. NO EVASIVE ACTION TAKEN. PILOT STATED UAS WAS 500 FEET BELOW ACFT. DFW ARPT PD NOTIFIED.","3,000",0,DFW,DFW,Dallas/Ft Worth Intl,7978625.879,United States,32.89640045,-97.04109955
126,2024-02-05,NEW JERSEY,ATLANTIC CITY,"PRELIM INFO FROM FAA OPS: ATLANTIC CITY, NJ/UAS SIGHTING/1020E/ATLANTIC CITY ATCT ADVISED, DIAMOND DA42, REPORTED A UAS AT THE 10 O'CLOCK POSITION WHILE SW BOUND AT 3,000 FEET 22 ENE ACY. NO EVASIVE ACTION TAKEN. LONG BEACH PD NOTIFIED.","3,000",0,ACY,ACY,Atlantic City Intl,3847.704,United States,39.45669937,-74.57779694
127,2024-02-05,PENNSYLVANIA,HARRISBURG,"PRELIM INFO FROM FAA OPS: HARRISBURG, PA/UAS SIGHTING/1400E/NEW YORK ARTCC ADVISED, E145, PIT - PHL, REPORTED A WHITE UAS FROM THE 3 O'CLOCK POSITION WHILE E BOUND AT 17,000 FEET 5 S HARRISBURG VORTAC (HAR). NO EVASIVE ACTION TAKEN. PENNSYLVANIA STATE PD NOTIFIED.","17,000",0,PHL,PHL,Philadelphia Intl,3585245.524,United States,39.86809921,-75.24859619
128,2024-03-17,PENNSYLVANIA,PHILADELPHIA,"PRELIM INFO FROM FAA OPS: PHILADELPHIA, PA/UAS SIGHTING/1635E/PHILADELPHIA ATCT ADVISED, A321, CANCUN, MEXICO (MMUN) - PHL, REPORTED A UAS 200 FEET BELOW ACFT WHILE W BOUND AT 2,600 FEET 11 E PHL. NO EVASIVE ACTION REPORTED. PHILADELPHIA ARPT PD NOTIFIED.",200,0,PHL,PHL,Philadelphia Intl,3585245.524,United States,39.86809921,-75.24859619
129,2024-03-31,PENNSYLVANIA,PHILADELPHIA,"PRELIM INFO FROM FAA OPS: PHILADELPHIA, PA/UAS SIGHTING/1420E/PHILADELPHIA ATCT ADVISED, A20N, TPA - PHL, REPORTED A UAS WHILE W BOUND AT 1,800 FEET 4 E PHL. NO EVASIVE ACTION TAKEN. PHL ARPT PD NOTIFIED.","1,800",0,PHL,PHL,Philadelphia Intl,3585245.524,United States,39.86809921,-75.24859619
130,2024-02-06,MICHIGAN,GRAND RAPIDS,"PRELIM INFO FROM FAA OPS: GRAND RAPIDS, MI/UAS SIGHTING/0705E/GRAND RAPIDS ATCT ADVISED, CESSNA C208, TVC - GRR, REPORTED A UAS AT THE 11 O'CLOCK POSITION WHILE S BOUND AT 2,100 FEET 5 N GRR. NO EVASIVE ACTION TAKEN. NO LEO NOTIFICATION REPORTED.","2,100",0,GRR,GRR,Gerald R. Ford International Airport,3345.076,United States,42.8810997,-85.52420044
131,2024-02-06,NORTH CAROLINA,CHARLOTTE,"PRELIM INFO FROM FAA OPS: CHARLOTTE, NC/UAS SIGHTING/1742E/CHARLOTTE ATCT ADVISED, CRJ9, TORONTO, CANADA (CYYZ)	 - CLT, REPORTED A UAS FROM THE 10 O'CLOCK POSITION WHILE N BOUND AT 3,900 FEET 12 S CLT. NO EVASIVE ACTION TAKEN. FORT MILL PD NOTIFIED.","3,900",0,CLT,CLT,Charlotte-Douglas International Airport,3038130.613,United States,35.21920013,-80.93579865
132,2024-02-09,FLORIDA,FORT MYERS,"PRELIM INFO FROM FAA OPS: FORT MYERS, FL/UAS SIGHTING/1045E/FORT MYERS ATCT ADVISED, A321, CLT - RSW, REPORTED A BLACK AND WHITE UAS AT THE 1 O'CLOCK POSITION WHILE NE BOUND AT 1,500 FEET 5 WSW RSW. NO EVASIVE ACTION TAKEN. LEE COUNTY SHERIFF NOTIFIED.","1,500",0,CLT,CLT,Charlotte-Douglas International Airport,3038130.613,United States,35.21920013,-80.93579865
133,2024-03-22,NORTH CAROLINA,CHARLOTTE,"PRELIM INFO FROM FAA OPS: CHARLOTTE, NC/UAS SIGHTING/1322E/CHARLOTTE ATCT ADVISED, A321, LAX - CLT, REPORTED A ORANGE/WHITE UAS FROM THE 2 O'CLOCK POSITION WHILE N BOUND AT 1,600 FEET 4 S CLT. NO EVASIVE ACTION TAKEN. CHARLOTTE ARPT PD NOTIFIED.","1,600",0,CLT,CLT,Charlotte-Douglas International Airport,3038130.613,United States,35.21920013,-80.93579865
134,2024-03-29,NORTH CAROLINA,CHARLOTTE,"PRELIM INFO FROM FAA OPS: CHARLOTTE, NC/UAS SIGHTING/1559E/CHARLOTTE ATCT ADVISED, CESSNA C206T, REPORTED A UAS FROM THE 9 O'CLOCK POSITION WHILE W BOUND AT 4,500 FEET 3 W CLT. NO EVASIVE ACTION TAKEN. AIRPORT OPERATIONS NOTIFIED.","4,500",0,CLT,CLT,Charlotte-Douglas International Airport,3038130.613,United States,35.21920013,-80.93579865
135,2024-03-31,NORTH CAROLINA,CHARLOTTE,"PRELIM INFO FROM FAA OPS: CHARLOTTE, NC/UAS SIGHTING/0948E/CHARLOTTE TRACON ADVISED, CRJ9, MYR - CLT, REPORTED A WHITE UAS AT THE 3 O'CLOCK POSITION WHILE NW BOUND AT 9,500 FEET 40 WNW CLT. NO EVASIVE ACTION TAKEN. UNION COUNTY SHERIFF NOTIFIED.","9,500",0,CLT,CLT,Charlotte-Douglas International Airport,3038130.613,United States,35.21920013,-80.93579865
136,2024-02-08,TENNESSEE,BRISTOL-JOHNSON-KINGSPORT,"PRELIM INFO FROM FAA OPS: BRISTOL-JOHNSON-KINGSPORT, TN/UAS SIGHTING/1337E/TRI-CITIES ATCT ADVISED, CIRRUS SR20, REPORTED A RED UAS WHILE ENE BOUND AT 5,500 FEET 5 WNW TRI. NO EVASIVE ACTION TAKEN. KINGSPORT TENNESSEE PD NOTIFIED.","5,500",0,TRI,TRI,Tri-Cities Rgnl TN/VA,329.308,United States,36.47610092,-82.40640259
137,2024-02-09,FLORIDA,ORLANDO,"PRELIM INFO FROM FAA OPS: ORLANDO, FL/UAS SIGHTING/1512E/SANFORD ATCT ADVISED, CESSNA C172, REPORTED A YELLOW UAS WHILE W BOUND AT 1,000 FEET 2 N SFB. NO EVASIVE ACTION TAKEN. SEMINOLE COUNTY SHERIFF NOTIFIED.","1,000",0,SFB,SFB,Sanford International,130514.293,United States,28.77499962,-81.24030304
138,2024-02-09,KANSAS,SALINA,"PRELIM INFO FROM FAA OPS: SALINA, KS/UAS SIGHTING/1436C/SALINA ATCT ADVISED, CESSNA C172, [DEPARTURE] - [ARRIVAL], REPORTED A RED UAS WHILE N BOUND AT 500 FEET 0.5 MILE N SLN. NO EVASIVE ACTION TAKEN. SALINE COUNTY SHERIFF NOTIFIED.",500,0,SLN,SLN,Salina Regional,6482.168,United States,38.79079819,-97.65249634
139,2024-02-10,WASHINGTON,PASCO,"PRELIM INFO FROM FAA OPS: PASCO, WA/UAS SIGHTING/1309P/PASCO ATCT ADVISED, E75L, SEA - PSC, REPORTED A BLACK UAS AT THE 3 O'CLOCK POSITION WHILE SE BOUND AT 2,300 FEET 5 N PSC. NO EVASIVE ACTION TAKEN. NO LEO NOTIFICATION REPORTED.","2,300",0,PSC,PSC,Tri-Cities,303.31,United States,46.26390076,-119.1147003
140,2024-02-10,NEW JERSEY,MILLVILLE,"PRELIM INFO FROM FAA OPS: MILLVILLE, NJ/UAS INCIDENT/1640E/WASHINGTON ARTCC ADVISED, A319, EYW - PHL, REPORTED A UAS FROM THE 12 Oâ€™CLOCK POSITION WHILE W BOUND AT 13,000 FEET 10 S VCN. PILOT MANEUVERED TO AVOID. LEO NOTIFICATION NOT REPORTED.","13,000",0,EYW,EYW,Key West Intl,285.978,United States,24.55559921,-81.75969696
141,2024-02-10,CALIFORNIA,SAN JOSE,"PRELIM INFO FROM FAA OPS: SAN JOSE, CA/UAS SIGHTING/1420P/SAN JOSE ATCT ADVISED, B39M, IAH - SJC, REPORTED A LARGE ORANGE/BRASSY UAS AT THE 3 O'CLOCK POSITION WHILE NW BOUND AT 2,600 FEET 8 SE SJC. NO EVASIVE ACTION TAKEN. SAN JOSE PD NOTIFIED.","2,600",0,SJC,SJC,San Jose Municipal,745042.018,United States,37.36109924,-121.9255981
142,2024-03-15,CALIFORNIA,SAN JOSE,"PRELIM INFO FROM FAA OPS: SAN JOSE, CA/UAS SIGHTING/1519P/NORCAL TRACON ADVISED, CESSNA C172, REPORTED A GRAY UAS AT THE 12 O'CLOCK POSITION 500 FEET BELOW WHILE SSE BOUND AT 3,200 FEET 4 W SJC. NO EVASIVE ACTION TAKEN. SUNNYVALE PD NOTIFIED.",500,0,SJC,SJC,San Jose Municipal,745042.018,United States,37.36109924,-121.9255981
143,2024-02-11,TEXAS,HOUSTON,"PRELIM INFO FROM FAA OPS: HOUSTON, TX/UAS SIGHTING/1320C/HOUSTON TRACON ADVISED, E75L, IND - IAH, REPORTED A UAS WHILE BOUND E AT 6,400 FEET 7 NE IAH. NO EVASIVE ACTION TAKEN. FBI NOTIFIED.","6,400",0,IND,IND,Indianapolis Intl,141602.44,United States,39.7256012,-86.2838974
144,2024-02-12,CALIFORNIA,SACRAMENTO,"PRELIM INFO FROM FAA OPS: SACRAMENTO, CA/UAS SIGHTING/1442P/NORCAL TRACON ADVISED, GULFSTREAM G280, SAC - SBA, REPORTED A GRAY QUADCOPTER UAS 200 FEET BELOW ACFT FROM THE 12 O'CLOCK POSITION WHILE SSE BOUND AT 3,800 FEET 4 ENE SAC. NO EVASIVE ACTION TAKEN. ELK GROVE PD NOTIFIED.",200,0,SBA,SBA,Santa Barbara Muni,2504.474,United States,34.42779923,-119.8394013
145,2024-02-13,MARYLAND,CAMP SPRINGS,"PRELIM INFO FROM FAA OPS: CAMP SPRINGS, MD/UAS SIGHTING/1606E/ANDREWS ATCT ADVISED, GLF5, MYR - ADW, REPORTED A UAS FROM THE 12 Oâ€™CLOCK POSITION WHILE N BOUND AT 1,000 FEET 3.5 S ADW. NO EVASIVE ACTION TAKEN. PRINCE GEORGE'S PD NOTIFIED.","1,000",0,ADW,ADW,Joint Base Andrews,1438.556,United States,38.81079865,-76.86660004
146,2024-03-16,MARYLAND,CAMP SPRINGS,"PRELIM INFO FROM FAA OPS: CAMP SPRINGS, MD/UAS SIGHTING/1232E/POTOMAC TRACON ADVISED, LJ35, ADW - FFO, REPORTED A WHITE UAS FROM THE 10 O'CLOCK POSITION WHILE W BOUND AT 4,400 FEET 3 W ADW. NO EVASIVE ACTION TAKEN. PRINCE GEORGE'S COUNTY PD NOTIFIED.","4,400",0,ADW,ADW,Joint Base Andrews,1438.556,United States,38.81079865,-76.86660004
147,2024-02-13,ALABAMA,BIRMINGHAM,"PRELIM INFO FROM FAA OPS: BIRMINGHAM, AL/UAS SIGHTING/1730C/ATLANTA ARTCC ADVISED, DC91, MGM - BMI, REPORTED A YELLOW UAS AT THE 12 O'CLOCK POSITION WHILE N BOUND AT FL180 50 S VULCAN VOR. NO EVASIVE ACTION TAKEN. NO LEO NOTIFICATION REPORTED.",,0,BMI,BMI,Central Illinois Regional Airport,658.616,United States,40.48189926,-88.92749786
148,2024-02-13,CALIFORNIA,PALM SPRINGS,"PRELIM INFO FROM FAA OPS: PALM SPRINGS, CA/UAS SIGHTING/1607P/SOCAL TRACON ADVISED, B763, DFW - ONT, REPORTED A UAS FROM THE 2 O'CLOCK POSITION WHILE SW BOUND AT 11,000 FEET 18 WNW PSP. NO EVASIVE ACTION TAKEN. LEO NOTIFICATION NOT REPORTED.","11,000",0,PSP,PSP,Palm Springs Muni,274764.196,United States,33.8266983,-116.5049973
149,2024-02-14,ARIZONA,PHOENIX,"PRELIM INFO FROM FAA OPS: PHOENIX, AZ/UAS SIGHTING/2200M/PHOENIX ATCT ADVISED, HELO, REPORTED A UAS WHILE W BOUND AT 1,400 FEET 2 NW PHX. NO EVASIVE ACTION TAKEN. PHOENIX ARPT PD NOTIFIED.","1,400",0,PHX,PHX,Sky Harbor Intl,1594630.66,United States,33.43610001,-112.0089035
150,2024-03-08,ARIZONA,PHOENIX,"PRELIM INFO FROM FAA OPS: PHOENIX, AZ/UAS SIGHTING/1805M/PHOENIX TRACON ADVISED, B737, PHX - ONT, REPORTED A WHITE UAS WHILE WSW BOUND AT 3,000 FEET 2 WSW PXR. NO EVASIVE ACTION TAKEN. LEO NOTIFICATION NOT REPORTED.","3,000",0,PHX,PHX,Sky Harbor Intl,1594630.66,United States,33.43610001,-112.0089035
151,2024-03-23,CALIFORNIA,SAN BERNARDINO,"PRELIM INFO FROM FAA OPS: SAN BERNARDINO, CA/UAS SIGHTING/1653P/SOCAL TRACON ADVISED, B737, PHX - BUR, REPORTED A UAS FROM THE 9 O'CLOCK POSITION WHILE W BOUND AT 11,000 FEET 60 ENE PARADISE VORTAC. NO EVASIVE ACTION TAKEN. COLTON PD NOTIFIED.","11,000",0,PHX,PHX,Sky Harbor Intl,1594630.66,United States,33.43610001,-112.0089035
152,2024-02-15,DISTRICT OF COLUMBIA,WASHINGTON,"PRELIM INFO FROM FAA OPS: WASHINGTON, DC/UAS SIGHTING/0700E/POTOMAC TRACON ADVISED, E145, ALB - IAD, REPORTED A WHITE-GREEN UAS WHILE SSW BOUND AT 12,500 FEET 55 N DCA. NO EVASIVE ACTION TAKEN. NO EVASIVE ACTION TAKEN.","12,500",0,ALB,ALB,Albany International,6716.15,United States,42.74580002,-73.80529785
153,2024-02-15,GEORGIA,MACON,"PRELIM INFO FROM FAA OPS: MACON, GA/UAS SIGHTING/1645E/ALTLANTA TRACON ADVISED, PIPER PA24, REPORTED A SILVER UAS FROM THE 9 O'CLOCK POSITION WHILE W BOUND AT 5,500 FEET OVER MCN. NO EVASIVE ACTION TAKEN. NO LEO NOTIFICATION REPORTED.","5,500",0,MCN,MCN,Middle Georgia Rgnl,173.32,United States,32.69290161,-83.64920044
154,2024-02-17,COLORADO,DENVER,"PRELIM INFO FROM FAA OPS: DENVER, CO/UAS SIGHTING/1300M/DENVER ATCT ADVISED, E75L, GJT - DEN, OBSERVED UAS WHILE NORTH BOUND AT 8,000 FEET, 9 S DEN. NO EVASIVE ACTION REPORTED. DENVER INTERNATIONAL ARPT PD NOTIFIED.","8,000",0,GJT,GJT,Walker Field,329.308,United States,39.11859894,-108.5139008
155,2024-02-17,NORTH CAROLINA,KINSTON,"PRELIM INFO FROM FAA OPS: KINSTON, NC/UAS SIGHTING/1725E/SEYMOUR JOHNSON AFB ADVISED, DIAMOND DA40, RIC - RIC, REPORTED A BALLOON 1,000 FEET BELOW ACFT WHILE N BOUND AT 6,500 FEET 8.3 ENE ISO. NO EVASIVE ACTION TAKEN. LEO NOTIFICATION NOT REPORTED.","1,000",0,RIC,RIC,Richmond International,5173.602,United States,37.5060997,-77.32250214
156,2024-03-20,VIRGINIA,RICHMOND,"PRELIM INFO FROM FAA OPS: RICHMOND, VA/UAS SIGHTING/1855E/POTOMAC TRACON ADVISED, MOONEY M20T, REPORTED A BLACK AND WHITE UAS WHILE N BOUND AT 9,000 FEET 10 WSW RIC. NO EVASIVE ACTION TAKEN.  CHESTERFIELD COUNTY PD NOTIFIED.","9,000",0,RIC,RIC,Richmond International,5173.602,United States,37.5060997,-77.32250214
157,2024-02-18,PUERTO RICO,SAN JUAN,"PRELIM INFO FROM FAA OPS: SAN JUAN, PUERTO RICO/UAS SIGHTING/0923L/SAN JUAN ATCT ADVISED, CESSNA C402, STT - STX, REPORTED UAS AT SAME ALTITUDE WHILE S BOUND AT 2,000 FEET 1 S STT. NO EVASIVE ACTIONS TAKEN. SAN JUAN PD NOTIFIED.","2,000",0,STT,STT,Metropolitan Area,72066.456,United States,18.33720017,-64.97329712
158,2024-02-18,SOUTH CAROLINA,CHARLESTON,"PRELIM INFO FROM FAA OPS: CHARLESTON, SC/UAS SIGHTING/1000E/CHARLESTON ATCT ADVISED, DIAMOND DA42, CHS - CRW, REPORTED A RED-ORANGE UAS FROM THE 3 O'CLOCK POSITION WHILE NNW BOUND AT 1,500 FEET 2 NNW CHS. NO EVASIVE ACTION TAKEN. LEO NOTIFICATION NOT REPORTED.","1,500",0,CRW,CRW,Yeager,1516.55,United States,38.37279892,-81.5931015
159,2024-02-18,MISSOURI,SPRINGFIELD,"PRELIM INFO FROM FAA OPS: SPRINGFIELD, MO/UAS SIGHTING/1100C/SPRINGFIELD ATCT ADVISED, CIRRUS SR22, OZS - SGF, REPORTED A UAS FROM THE 5 O'CLOCK POSITION WHILE SE BOUND AT 2,300 FEET 8 NW SGF. NO EVASIVE ACTION TAKEN. SPRINGFIELD PD NOTIFIED.","2,300",0,SGF,SGF,Springfield Branson Natl,4961.285,United States,37.24000168,-93.38500214
160,2024-02-18,ILLINOIS,CHICAGO,"PRELIM INFO FROM FAA OPS: CHICAGO, IL/UAS SIGHTING/1623C/MDW ATCT ADVISED, CESSNA C68A, PIE - MDW, REPORTED BLACK UAS WHILE NW BOUND AT 3,800 FEET 10 SE MDW. NO EVASIVE ACTION REPORTED. LOCAL LAW ENFORCEMENT NOTIFIED.","3,800",0,PIE,PIE,St.Pete-Clearwater Int,16326.744,United States,27.91670036,-82.6832962
161,2024-03-24,KENTUCKY,COVINGTON,"PRELIM INFO FROM FAA OPS: COVINGTON, KY/UAS SIGHTING/1050E/CINCINNATI APCH ADVISED, A320, PIE - CVG, REPORTED A RED AND WHITE UAS 200 FEET BELOW ACFT WHILE N BOUND AT 4,000 FEET 8 WNW CVG. NO EVASIVE ACTION TAKEN. CVG ARPT PD NOTIFIED.",200,0,PIE,PIE,St.Pete-Clearwater Int,16326.744,United States,27.91670036,-82.6832962
162,2024-02-18,TENNESSEE,NASHVILLE,"PRELIM INFO FROM FAA OPS: NASHVILLE, TN/UAS SIGHTING/1703C/NASHVILLE APCH ADVISED, CESSNA C680, MEM - BNA, REPORTED A WHITE UAS AT THE 10 O'CLOCK POSITION WHILE NNE BOUND AT 5,800 FEET 4 W BNA. NO EVASIVE ACTION TAKEN. METROPOLITAN NASHVILLE ARPT AUTHORITY DPS NOTIFIED.","5,800",0,MEM,MEM,Memphis Intl,35599.928,United States,35.04970169,-89.97859955
163,2024-02-23,TENNESSEE,MEMPHIS,"PRELIM INFO FROM FAA OPS: MEMPHIS, TN/UAS SIGHTING/1530C/MEMPHIS TRACON ADVISED, B763, MEM - ATL, REPORTED A UAS FROM THE 1 O'CLOCK POSITION WHILE NNE BOUND AT 4,000 FEET 7 NNE MEM. NO EVASIVE ACTION TAKEN. MEMPHIS PD NOTIFIED.","4,000",0,MEM,MEM,Memphis Intl,35599.928,United States,35.04970169,-89.97859955
164,2024-02-24,TENNESSEE,MEMPHIS,"PRELIM INFO FROM FAA OPS: MEMPHIS, TN/UAS SIGHTING/1803C/MEMPHIS ATCT ADVISED, B738, CLT - MEM, REPORTED A DARK UAS WHILE N BOUND AT 2,000 FEET 5 S MEM. NO EVASIVE ACTION TAKEN. SOUTHAVEN PD NOTIFIED.","2,000",0,MEM,MEM,Memphis Intl,35599.928,United States,35.04970169,-89.97859955
165,2024-02-20,FLORIDA,PENSACOLA,"PRELIM INFO FROM FAA OPS: PENSACOLA, FL/UAS SIGHTING/1103C/PENSACOLA ATCT ADVISED, CESSNA C172, PNS - PNS, REPORTED A FAST-MOVING SILVER OBJECT AT 100 FEET WHILE N BOUND 1 S PNS. NO EVASIVE ACTION TAKEN. ESCAMBIA COUNTY SHERIFF NOTIFIED.",100,0,PNS,PNS,Pensacola International,5416.25,United States,30.47249985,-87.18830109
166,2024-02-24,FLORIDA,PENSACOLA,"PRELIM INFO FROM FAA OPS: PENSACOLA, FL/UAS SIGHTING/1604C/PENSACOLA ATCT ADVISED, B06, NDZ - NDZ, REPORTED A UAS FROM THE 3 Oâ€™CLOCK POSITION WHILE N BOUND AT 400 FEET 2 W PNS. NO EVASIVE ACTION TAKEN. PENSACOLA PD NOTIFIED.",400,0,PNS,PNS,Pensacola International,5416.25,United States,30.47249985,-87.18830109
167,2024-03-10,FLORIDA,PENSACOLA,"PRELIM INFO FROM FAA OPS: PENSACOLA, FL/UAS SIGHTING/1055C/PENSACOLA TRACON ADVISED, PIPER P28A, PNS - PNS, REPORTED A UAS FROM THE 5 O'CLOCK POSITION WHILE S BOUND AT 1,700 FEET 2 SE SAUFLEY VOR. NO EVASIVE ACTION TAKEN. ESCAMBIA COUNTY SHERIFF NOTIFIED.","1,700",0,PNS,PNS,Pensacola International,5416.25,United States,30.47249985,-87.18830109
168,2024-02-21,ILLINOIS,CHICAGO,"PRELIM INFO FROM FAA OPS: CHICAGO, IL/UAS SIGHTING/1230C/MDW ATCT ADVISED, CESSNA C172, OBSERVED A UAS WHILE SOUTHEAST BOUND AT 1,700 FEET, 12 NW MDW. CHICAGO FBI FIELD OFFICE NOTIFIED.","1,700",0,MDW,MDW,Chicago Midway International,613552.8,United States,41.78499985,-87.75189972
169,2024-03-17,CALIFORNIA,CAMARILLO,"PRELIM INFO FROM FAA OPS: CAMARILLO, CA/UAS INCIDENT/1245P/POINT MUGU APCH ADVISED, CESSNA C750, MDW - CMA, REPORTED A UAS WHILE W BOUND AT 3,000 FEET 5 E CMA. EVASIVE ACTION WAS TAKEN. LEO NOTIFICATION NOT REPORTED.","3,000",0,MDW,MDW,Chicago Midway International,613552.8,United States,41.78499985,-87.75189972
170,2024-02-24,LOUISIANA,NEW ORLEANS,"PRELIM INFO FROM FAA OPS: NEW ORLEANS, LA/UAS SIGHTING/1200C/LAKEFRONT ATCT ADVISED, CESSNA C56X, BHM - NEW, REPORTED A UAS WHILE E BOUND AT 1,500 FEET 4 SSW NEW. NO EVASIVE ACTION TAKEN. NOPD NOTIFIED.","1,500",0,BHM,BHM,Shuttlesworth International,50427.454,United States,33.56309891,-86.75559998
171,2024-03-27,TEXAS,DALLAS-FORT WORTH,"PRELIM INFO FROM FAA OPS: DALLAS-FORT WORTH, TX/UAS SIGHTING/1931C/DALLAS-FORT WORTH ATCT ADVISED, E170, BHM - DFW, REPORTED A YELLOW UAS FROM THE 1 O'CLOCK POSITION WHILE N BOUND AT 1,700 FEET 5 SSE MAVERICK VOR. NO EVASIVE ACTION TAKEN. DFW DPS NOTIFIED.","1,700",0,BHM,BHM,Shuttlesworth International,50427.454,United States,33.56309891,-86.75559998
172,2024-02-25,RHODE ISLAND,PROVIDENCE,"PRELIM INFO FROM FAA OPS: PROVIDENCE, RI/UAS SIGHTING/1350E/PROVIDENCE ATCT ADVISED, E145, IAD - PVD, REPORTED A WHITE UAS FROM THE 3 O'CLOCK POSITION WHILE NE BOUND AT 5,000 FEET 15 S PVD. NO EVASIVE ACTION TAKEN. LEO NOTIFICATION NOT REPORTED.","5,000",0,PVD,PVD,T.F. Green State Apt,42732.046,United States,41.72829819,-71.42610169
173,2024-02-27,FLORIDA,MIAMI,"PRELIM INFO FROM FAA OPS: MIAMI, FL/UAS SIGHTING/0907E/MIAMI ATCT ADVISED, A320, BDL - MIA, REPORTED A BLACK UAS FROM THE 9 O'CLOCK POSITION WHILE NW BOUND AT 4,800 FEET 8 NNW MIA. NO EVASIVE ACTION TAKEN. MIAMI DADE PD NOTIFIED.","4,800",0,BDL,BDL,Bradley Intl,176405.096,United States,41.9375,-72.68309784
174,2024-03-19,ARIZONA,TUCSON,"PRELIM INFO FROM FAA OPS: TUCSON, AZ/UAS SIGHTING/0835M/TUCSON TRACON ADVISED, B737, TUS - BDL, REPORTED A UAS WHILE E BOUND AT 16,000 FEET 25 ESE TUS. NO EVASIVE ACTION TAKEN. COCHISE COUNTY SHERIFF NOTIFIED.","16,000",0,BDL,BDL,Bradley Intl,176405.096,United States,41.9375,-72.68309784
175,2024-02-27,FLORIDA,FORT MYERS,"PRELIM INFO FROM FAA OPS: FORT MYERS, FL/UAS SIGHTING/1350E/FORT MYERS APCH ADVISED, A321, DFW - RSW, REPORTED A WHITE UAS WHILE ENE BOUND AT 4,000 FEET 5 S RSW. NO EVASIVE ACTION TAKEN. LEE COUNTY SHERIFF NOTIFIED.","4,000",0,RSW,RSW,Southwest Florida International,239718.892,United States,26.53610039,-81.75499725
176,2024-02-27,FLORIDA,FORT MYERS,"PRELIM INFO FROM FAA OPS: FORT MYERS, FL/UAS SIGHTING/1400E/FORT MYERS ATCT ADVISED, B738, MCI - RSW, REPORTED 4 UAS WHILE ENE BOUND AT 3,500 FEET 5 S RSW. NO EVASIVE ACTION TAKEN. LEE COUNTY SHERIFF NOTIFIED.","3,500",0,RSW,RSW,Southwest Florida International,239718.892,United States,26.53610039,-81.75499725
177,2024-03-02,MISSOURI,ST LOUIS,"PRELIM INFO FROM FAA OPS: ST LOUIS, MO/UAS SIGHTING/1750C/ST LOUIS TRACON ADVISED, PIPER PA32, SUS - 1H2, REPORTED A BLACK UAS FROM THE 12 O'CLOCK POSITION WHILE NNE BOUND AT 5,000 FEET 8 NNE STL. NO EVASIVE ACTION TAKEN.  ST LOUIS COUNTY PD NOTIFIED.","5,000",0,STL,STL,Lambert International,240867.137,United States,38.74720001,-90.36440277
178,2024-03-03,NEW JERSEY,TETERBORO,"PRELIM INFO FROM FAA OPS: TETERBORO, NJ/UAS SIGHTING/1250E/NEW YORK TRACON ADVISED, BOMBARDIER GLEX, TEB - PBI, REPORTED A SILVER UAS FROM THE 9 O'CLOCK POSITION WHILE SW BOUND AT 5,600 FEET 10 W TEB. NO EVASIVE ACTION TAKEN NEW JERSEY PD AVIATION NOTIFIED.","5,600",0,PBI,PBI,Palm Beach Intl,92821.526,United States,26.68219948,-80.09420013
179,2024-03-09,FLORIDA,WEST PALM BEACH,"PRELIM INFO FROM FAA OPS: WEST PALM BEACH, FL/UAS SIGHTING/1515E/MIAMI ARTCC ADVISED, BOMBARDIER CL60, TORONTO, CANADA (CYYZ) - OPF, REPORTED A BLACK AND SILVER UAS WHILE SSW BOUND AT 10,000 FEET 15 NNE PBI. NO EVASIVE ACTION TAKEN. FBI NOTIFIED.","10,000",0,PBI,PBI,Palm Beach Intl,92821.526,United States,26.68219948,-80.09420013
180,2024-03-17,FLORIDA,WEST PALM BEACH,"PRELIM INFO FROM FAA OPS: WEST PALM BEACH, FL/UAS SIGHTING/1410E/PALM BEACH ATCT ADVISED, A321, PBI - CLT, REPORTED A UAS PASS BELOW ACFT WHILE W BOUND AT 2,000 FEET 10 W PBI. NO EVASIVE ACTION TAKEN. PALM BEACH SHERIFF NOTIFIED.","2,000",0,PBI,PBI,Palm Beach Intl,92821.526,United States,26.68219948,-80.09420013
181,2024-03-20,FLORIDA,WEST PALM BEACH,"PRELIM INFO FROM FAA OPS: WEST PALM BEACH, FL/UAS SIGHTING/1223E/PALM BEACH APCH ADVISED, A321, DFW - PBI, REPORTED A BLACK AND WHITE QUADCOPTER UAS 50-100 FEET BELOW ACFT AT THE 3 O'CLOCK POSITION WHILE EASTBOUND AT 3,000 FEET 13 W PBI. NO EVASIVE ACTION TAKEN. PALM BEACH SHERIFF NOTIFIED.",100,0,PBI,PBI,Palm Beach Intl,92821.526,United States,26.68219948,-80.09420013
182,2024-03-03,NEW YORK,NEW YORK,"PRELIM INFO FROM FAA OPS: NEW YORK, NY/UAS SIGHTING/1330E/NEW YORK TRACON ADVISED, E190, CHS - JFK, REPORTED A UAS WHILE NW BOUND AT 2,000 FEET 19 S JFK. NO EVASIVE ACTION TAKEN. NEW YORK PD NOTIFIED.","2,000",0,CHS,CHS,Charleston International/AFB,15754.788,United States,32.89920044,-80.03890228
183,2024-03-03,SOUTH CAROLINA,CHARLESTON,"PRELIM INFO FROM FAA OPS: CHARLESTON, SC/UAS SIGHTING/1332E/CHARLESTON ATCT ADVISED, CESSNA C25B, GOVERNORS HARBOUR, BAHAMAS (MYEM) - CHS, REPORTED A RED AND BLACK UAS FROM THE 5 O'CLOCK POSITION WHILE NE BOUND AT 1,000 FEET 4 SSW CHS. NO EVASIVE ACTION TAKEN. CHARLESTON COUNTY PD NOTIFIED.","1,000",0,CHS,CHS,Charleston International/AFB,15754.788,United States,32.89920044,-80.03890228
184,2024-03-27,SOUTH CAROLINA,CHARLESTON,"PRELIM INFO FROM FAA OPS: CHARLESTON, SC/UAS SIGHTING/1153E/CHARLESTON ATCT ADVISED, RAYTHEON H25B, REPORTED A WHITE UAS AT THE 9 O'CLOCK POSITION WHILE SSE BOUND AT 800 FEET 3 NNW CHS. NO EVASIVE ACTION TAKEN. CHARLESTON COUNTY SHERIFF NOTIFIED.",800,0,CHS,CHS,Charleston International/AFB,15754.788,United States,32.89920044,-80.03890228
185,2024-03-03,TEXAS,DALLAS-FORT WORTH,"PRELIM INFO FROM FAA OPS: DALLAS-FORT WORTH, TX/UAS SIGHTING/1447C/DALLAS-FT WORTH TRACON ADVISED, B738, TUL - DFW, REPORTED A BLACK AND WHITE UAS WHILE SE BOUND AT 4,000 FEET 6 MILES SE MAVERICK VOR. NO EVASIVE ACTION TAKEN. DALLAS-FT WORTH DPS NOTIFIED.","4,000",0,TUL,TUL,Tulsa International,5377.253,United States,36.19779968,-95.88970184
186,2024-03-07,WASHINGTON,EVERETT,"PRELIM INFO FROM FAA OPS: EVERETT, WA/UAS SIGHTING/1625P/PAINE ATCT ADVISED, HELO, REPORTED A UAS WHILE N BOUND AT 1,300 FEET 5 SE PAE. NO EVASIVE ACTION TAKEN. SNOHOMISH COUNTY NOTIFIED.","1,300",0,PAE,PAE,Snohomish County,1100.582,United States,47.90829849,-122.2814026
187,2024-03-10,NEBRASKA,OMAHA,"PRELIM INFO FROM FAA OPS: OMAHA, NE/UAS SIGHTING/1525C/OMAHA TRACON ADVISED, CESSNA C172, MLE - MLE, REPORTED A WHITE UAS FROM THE 6 O'CLOCK POSITION WHILE NW BOUND AT 3,000 FEET4 W OMA. NO EVASIVE ACTION REPORTED. OMAHA PD NOTIFIED.","3,000",0,OMA,OMA,Eppley Airfield,43381.996,United States,41.30189896,-95.89330292
188,2024-03-11,ARKANSAS,FAYETTEVILLE-SPRINGDALE-ROGERS,"PRELIM INFO FROM FAA OPS: FAYETTEVILLE-SPRINGDALE-ROGERS, AR/UAS SIGHTING/0912C/FORT SMITH ATCT ADVISED, CIRRUS SR20, RVS - ROG, REPORTED A UAS BELOW THE ACFT FROM THE 12 O'CLOCK POSITION WHILE E BOUND AT 3,400 FEET 5 WNW XNA. NO EVASIVE ACTIONS REPORTED. MCDONALD COUNTY SHERIFF NOTIFIED.","3,400",0,XNA,XNA,Northwest Arkansas Regional Airport,2989.77,United States,36.28170013,-94.30670166
189,2024-03-12,CALIFORNIA,OAKLAND,"PRELIM INFO FROM FAA OPS: OAKLAND, CA/UAS SIGHTING/0459P/OAKLAND ATCT ADVISED, B763, RFD - OAK, REPORTED UAS BELOW ACFT WHILE ESE BOUND AT 500 FEET 1 WNW OAK. NO EVASIVE ACTION REPORTED. ALAMEDA COUNTY SHERIFF NOTIFIED.",500,0,OAK,OAK,Metro Oakland Intl,491019.893,United States,37.72359848,-122.2155991
190,2024-03-16,CALIFORNIA,HAYWARD,"PRELIM INFO FROM FAA OPS: HAYWARD, CA/UAS SIGHTING/1120P/OAKLAND ARTCC ADVISED, B38M, MDW - OAK, REPORTED A UAS AT 2,200 FEET IN BOUND AT RUNWAY 30 2 SE HAYWARD. NO EVASIVE ACTION REPORTED. ALAMEDA COUNTY SHERIFF NOTIFIED.","2,200",0,OAK,OAK,Metro Oakland Intl,491019.893,United States,37.72359848,-122.2155991
191,2024-03-28,WASHINGTON,EVERETT,"PRELIM INFO FROM FAA OPS: EVERETT, WA/UAS SIGHTING/1057P/SEATTLE TRACON ADVISED, CESSNA C56X, PAE - OAK, REPORTED AN ORANGE UAS WHILE SSE BOUND AT 3,000 FEET 2 SSE PAE. NO EVASIVE ACTION TAKEN. LEO NOTIFICATION NOT REPORTED.","3,000",0,OAK,OAK,Metro Oakland Intl,491019.893,United States,37.72359848,-122.2155991
192,2024-03-12,FLORIDA,JACKSONVILLE,"PRELIM INFO FROM FAA OPS: JACKSONVILLE, FL/UAS SIGHTING/1618E/JACKSONVILLE ATCT ADVISED, P8, REPORTED 3 UAS (1 WHITE, 2 GRAY) FROM THE 3 O'CLOCK POSITION WHILE W BOUND AT 2,000 FEET 7 E JAX. NO EVASIVE ACTION REPORTED. DUVAL COUNTY SHERIFF NOTIFIED.","2,000",0,JAX,JAX,Jacksonville Intl,11582.109,United States,30.48469925,-81.68779755
193,2024-03-28,GEORGIA,ATLANTA,"PRELIM INFO FROM FAA OPS: ATLANTA, GA/UAS SIGHTING/1850E/ATLANTA ARTCC ADVISED, B752, JAX - ATL, REPORTED A MYLAR BALLOON 2,000 FEET BELOW THE RIGHT SIDE WHILE NW BOUND DESCENDING THROUGH FL180. NO EVASIVE ACTION TAKEN. NO LEO NOTIFICATION REPORTED.","2,000",0,JAX,JAX,Jacksonville Intl,11582.109,United States,30.48469925,-81.68779755
194,2024-03-13,NORTH CAROLINA,GREENSBORO,"PRELIM INFO FROM FAA OPS: GREENSBORO, NC/UAS SIGHTING/1539E/GREENSBORO ATCT ADVISED, PILATUS PC24, REPORTED A SILVER UAS 200 FEET ABOVE ACFT WHILE SW BOUND AT 10,000 FEET 1 SW GSO. NO EVASIVE ACTION REPORTED. GREENSBORO ARPT PD NOTIFIED.",200,0,GSO,GSO,Piedmont Triad Intl,2924.775,United States,36.09189987,-79.94280243
195,2024-03-18,NORTH CAROLINA,GREENSBORO,"PRELIM INFO FROM FAA OPS: GREENSBORO, NC/UAS SIGHTING/1509E/GREENSBORO APCH ADVISED, BEECH BE23, REPORTED A UAS FROM THE 1 O'CLOCK POSITION WHILE W BOUND AT 4,500 FEET 13 SSW GSO. NO EVASIVE ACTION TAKEN. LEO NOTIFICATION NOT REPORTED.","4,500",0,GSO,GSO,Piedmont Triad Intl,2924.775,United States,36.09189987,-79.94280243
196,2024-03-14,NEW YORK,ROCHESTER,"PRELIM INFO FROM FAA OPS: ROCHESTER, NY/UAS SIGHTING/1115E/ROCHESTER ATCT ADVISED, CESSNA C172, ROC - ROC, REPORTED A UAS FROM THE 9 Oâ€™CLOCK POSITION WHILE ENE BOUND AT 1,500 FEET 1 S ROC. NO EVASIVE ACTION TAKEN. MONROE COUNTY DISPATCH NOTIFIED.","1,500",0,ROC,ROC,Greater Rochester International,6737.815,United States,43.12139893,-77.67079926
197,2024-03-14,GEORGIA,SAVANNAH,"PRELIM INFO FROM FAA OPS: SAVANNAH, GA/UAS SIGHTING/1817E/SAVANNAH ATCT ADVISED, E145, SAV - CLT, REPORTED A BLUE UAS WHILE NE BOUND AT 7,000 FEET 5 E SAV. NO EVASIVE ACTION TAKEN. SAVANNAH ARPT PD NOTIFIED.","7,000",0,SAV,SAV,Hilton Head Intl,12791.016,United States,32.12749863,-81.20249939
198,2024-03-17,NORTH CAROLINA,WILMINGTON,"PRELIM INFO FROM FAA OPS: WILMINGTON, NC/UAS SIGHTING/1043E/WILMINGTON ATCT ADVISED, PIPER P28A, FFC - ILM, REPORTED TAN AND WHITE ROTORCRAFT UAS OFF THE RIGHT SIDE WHILE ENE BOUND AT 4,000 FEET 3 WNW ILM. NO EVASIVE ACTION TAKEN. WILMINGTON ARPT PD NOTIFIED.","4,000",0,ILM,ILM,Wilmington International,8319.36,United States,34.26689911,-77.90390015
199,2024-03-17,TENNESSEE,NASHVILLE,"PRELIM INFO FROM FAA OPS: NASHVILLE, TN/UAS SIGHTING/1848C/NASHVILLE ATCT ADVISED, A319, BNA - LGA, REPORTED A BLACK UAS WHILE S BOUND AT 4,800 FEET 5 E BNA. NO EVASIVE ACTION TAKEN. BNA ARPT DPS NOTIFIED.","4,800",0,BNA,BNA,Nashville International,230077.967,United States,36.12670136,-86.68190002
200,2024-03-28,TENNESSEE,NASHVILLE,"PRELIM INFO FROM FAA OPS: NASHVILLE, TN/UAS SIGHTING/1615C/NASHVILLE ATCT ADVISED, B738, PHX - BNA, REPORTED A BLACK UAS OFF LEFT SIDE WHILE NE BOUND AT 3,000 FEET 8 SW BNA. NO EVASIVE ACTION TAKEN. METROPOLITAN NASHVILLE ARPT AUTHORITY NOTIFIED.","3,000",0,BNA,BNA,Nashville International,230077.967,United States,36.12670136,-86.68190002
201,2024-03-18,MISSISSIPPI,JACKSON,"PRELIM INFO FROM FAA OPS: JACKSON, MS/UAS SIGHTING/1634C/JACKSON ATCT ADVISED, HONDA HDJT, REPORTED A SILVER BALL SHAPED UAS FROM THEIR RIGHT SIDE WHILE AT 7,500 FEET 16 E JAN. NO EVASIVE ACTION TAKEN. LEO NOTIFICATION NOT REPORTED.","7,500",0,JAN,JAN,Medgar W. Evers International,2274.825,United States,32.30970001,-90.07579804
202,2024-03-19,NEW JERSEY,NEWARK,"PRELIM INFO FROM FAA OPS: NEWARK, NJ/UAS SIGHTING/1715E/NEWARK ATCT ADVISED, DASSAULT F2TH, COPENHAGEN, DENMARK (EKCH) - EWR, REPORTED A UAS FROM THE 9 O'CLOCK POSITION WHILE E BOUND AT 2,000 FEET 6 NE EWR. NO EVASIVE ACTION TAKEN. PORT AUTHORITY PD NOTIFIED.","2,000",0,EWR,EWR,Newark Liberty Intl,11095742.75,United States,40.69580078,-74.17169952
203,2024-03-20,CALIFORNIA,SANTA ANA,"PRELIM INFO FROM FAA OPS: SANTA ANA, CA/UAS SIGHTING/1809P/SOUTHERN CALIFORNIA TRACON ADVISED, B752, MHR - SNA, REPORTED A UAS FROM THE 3 O'CLOCK POSITION WHILE NE BOUND AT 5,000 FEET 10 WSW SNA. NO EVASIVE ACTION TAKEN. ORANGE COUNTY SHERIFF NOTIFIED.","5,000",0,SNA,SNA,John Wayne Airport,141641.437,United States,33.67559815,-117.8672028
204,2024-03-23,PUERTO RICO,SAN JUAN,"PRELIM INFO FROM FAA OPS: SAN JUAN, PUERTO RICO/UAS SIGHTING/1047L/SAN JUAN ATCT ADVISED, PIPER PA31, REPORTED A QUAD-ROTOR UAS WHILE W BOUND AT 2,000 FEET 8 SE SJU. NO EVASIVE ACTION TAKEN. SAN JUAN ARPT PD NOTIFIED.","2,000",0,SJU,SJU,Luis Munoz Marin Int,719109.013,United States,18.44140053,-66.00219727
205,2024-03-15,PR,MAYAGUEZ,"PRELIM INFO FROM FAA OPS: MAYAGUEZ, PUERTO RICO/UAS SIGHTING/1143L/SAN JUAN CERAP ADVISED, CESSNA C208, LA ROMANA, DOMINICAN REPUBLIC (MDLR) - SJU, REPORTED A UAS 300-400 FEET OFF THE RIGHT WING WHILE E BOUND AT 9,000 FEET 10 S MAYAGUEZ (TJMZ). NO EVASIVE ACTION TAKEN. MAYAGUEZ PD (OPERATOR RODRIGUEZ) NOTIFIED.",400,0,SJU,SJU,Luis Munoz Marin Int,719109.013,United States,18.44140053,-66.00219727
206,2024-03-24,TEXAS,DALLAS-FORT WORTH,"PRELIM INFO FROM FAA OPS: DALLAS-FORT WORTH, TX/UAS SIGHTING/1720C/DALLAS TRACON ADVISED, B738, DFW - CLE, REPORTED A RED AND WHITE UAS FROM THE 10 O'CLOCK POSITION AT 3,000 FT WHILE SE BOUND 4 SE DFW. NO EVASIVE MANEUVERS TAKEN. DFW DPS NOTIFIED.","3,000",0,CLE,CLE,Hopkins Intl,143144.988,United States,41.41080093,-81.84940338
207,2024-03-27,MICHIGAN,DETROIT,"PRELIM INFO FROM FAA OPS: DETROIT, MI/UAS SIGHTING/1845E/DETROIT TRACON ADVISED, B752, MEXICO CITY, MEXICO (MMMX) - DTW, REPORTED A UAS FROM THE 12 Oâ€™CLOCK POSITION WHILE ESE BOUND AT 3,000 FEET 10 N DTW. NO EVASIVE ACTION TAKEN. MICHIGAN STATE PD NOTIFIED.","3,000",0,DTW,DTW,Metropolitan Wayne County,3870192.27,United States,42.21670151,-83.3443985
208,2024-03-28,MONTANA,MISSOULA,"PRELIM INFO FROM FAA OPS: MISSOULA, MT/UAS SIGHTING/0930M/MISSOULA FCT ADVISED, CESSNA C172, REPORTED A WHITE UAS WHILE ESE BOUND AT 3,800 FEET 1 NE MSO. NO EVASIVE ACTION TAKEN.  MISSOULA PD NOTIFIED.","3,800",0,MSO,MSO,Missoula International,606.62,United States,46.91559982,-114.0875015
209,2024-03-28,VIRGINIA,CHARLOTTESVILLE,"PRELIM INFO FROM FAA OPS: CHARLOTTESVILLE, VA/UAS SIGHTING/1853E/POTOMAC TRACON ADVISED, PIPER PA31, GSO - FDK, REPORTED A RED UAS FROM THE 12 O'CLOCK POSITION WHILE N BOUND AT 7,000 FEET 10 WSW CHO. NO EVASIVE ACTION TAKEN. ALBEMARLE COUNTY SHERIFF NOTIFIED.","7,000",0,CHO,CHO,Albemarle,476.63,United States,38.14139938,-78.45310211
210,2024-03-31,CALIFORNIA,FRESNO,"PRELIM INFO FROM FAA OPS: FRESNO, CA/UAS SIGHTING/0920P/FRESNO ATCT ADVISED, CESSNA C425, CCR - VIS, REPORTED A BLACK UAS 300 FEET BELOW ACFT WHILE SE BOUND AT 8,000 FEET 10 WNW FAT. NO EVASIVE ACTION TAKEN. ATTEMPTED TO NOTIFY FRESNO PD BUT WAS PLACED ON HOLD.",300,0,FAT,FAT,Fresno Yosemite International,156906.596,United States,36.77669907,-119.7172012
